epoch,loss,mmae,fbeta,iou
0,0.78,0.6942,0.0335,0.139
1,0.78,0.6873,0.0246,0.1424
2,0.77,0.6872,0.0254,0.1443
3,0.77,0.6836,0.0257,0.1456
4,0.77,0.6834,0.0173,0.1468
5,0.77,0.6701,0.0196,0.1482
6,0.77,0.6653,0.0202,0.1498
7,0.76,0.655,0.0148,0.1514
8,0.76,0.6452,0.0034,0.1527
9,0.76,0.6356,0.0248,0.1544
10,0.76,0.5951,0.0433,0.1583
11,0.75,0.5831,0.019,0.1604
12,0.75,0.6193,0.0224,0.1589
13,0.74,0.5086,0.4716,0.1667
14,0.73,0.4994,0.3752,0.176
15,0.71,0.4158,0.5403,0.1944
16,0.69,0.2669,0.367,0.2058
17,0.68,0.3572,0.5117,0.2186
18,0.65,0.2842,0.4264,0.2415
19,0.61,0.2299,0.4259,0.2721
20,0.74,0.3081,0.3993,0.1701
21,0.55,0.1795,0.451,0.3234
22,0.53,0.1339,0.4884,0.3473
23,0.48,0.1096,0.5336,0.3845
24,0.48,0.0896,0.5846,0.3887
25,0.5,0.0867,0.5951,0.3748
26,0.48,0.0907,0.5903,0.3962
27,0.45,0.0996,0.5599,0.4187
28,0.47,0.0842,0.6321,0.3994
29,0.42,0.084,0.6197,0.443
30,0.45,0.0802,0.6402,0.4236
31,0.41,0.0878,0.6022,0.4563
32,0.41,0.0785,0.6348,0.4615
33,0.4,0.0764,0.6507,0.4711
34,0.4,0.0787,0.643,0.469
35,0.41,0.0758,0.6617,0.4614
36,0.41,0.0767,0.6523,0.4592
37,0.39,0.0749,0.6504,0.4809
38,0.4,0.0742,0.6689,0.4704
39,0.44,0.0781,0.6873,0.4279
40,0.37,0.0738,0.65,0.4988
41,0.39,0.0697,0.694,0.482
42,0.37,0.0699,0.689,0.4992
43,0.38,0.0735,0.664,0.4899
44,0.37,0.0703,0.6855,0.496
45,0.37,0.0684,0.7035,0.5021
46,0.42,0.0709,0.7011,0.4564
47,0.36,0.0706,0.6675,0.5142
48,0.46,0.0774,0.6766,0.4113
49,0.36,0.0671,0.7024,0.5081
50,0.35,0.0692,0.6827,0.5156
51,0.35,0.07,0.6837,0.5184
52,0.36,0.0746,0.6449,0.5062
53,0.35,0.0708,0.6729,0.5212
54,0.37,0.0656,0.7085,0.5032
55,0.35,0.0687,0.6815,0.525
56,0.35,0.0668,0.6911,0.5179
57,0.37,0.0677,0.7071,0.4992
58,0.35,0.0656,0.7003,0.5224
59,0.35,0.066,0.69,0.5269
60,0.34,0.0674,0.6881,0.5291
61,0.35,0.0654,0.7106,0.5233
62,0.35,0.064,0.7074,0.5209
63,0.35,0.0645,0.703,0.527
64,0.36,0.0642,0.7199,0.5144
65,0.35,0.0627,0.7064,0.5284
66,0.35,0.0641,0.7209,0.5183
67,0.34,0.0637,0.7016,0.5325
68,0.35,0.065,0.6928,0.5208
69,0.39,0.0674,0.7157,0.4851
70,0.36,0.0627,0.7196,0.5176
71,0.35,0.0633,0.7104,0.5277
72,0.35,0.063,0.705,0.5265
73,0.34,0.0686,0.6685,0.5274
74,0.34,0.0629,0.7017,0.5348
75,0.34,0.065,0.6905,0.5317
76,0.35,0.0638,0.7149,0.5187
77,0.36,0.0644,0.7183,0.514
78,0.36,0.064,0.7168,0.5137
79,0.35,0.0632,0.7173,0.5217
