name,class,dice,iou,hd95,gt_px,pred_px,inter_px,pred_components
0000,nodule,0.8816353445433565,0.7883254716981132,5.385164807134504,1695,1338,1337,1
0001,nodule,0.9483723296032553,0.9018137847642079,4.47213595499958,4116,3748,3729,1
0002,nodule,0.8135559921414538,0.6857095545620135,13.972500592975326,5772,4408,4141,3
0003,nodule,0.7026332691072575,0.5415841584158416,18.39017141624579,6188,6268,4376,7
0004,nodule,0.8398169336384439,0.7238658777120316,3.605551275463989,503,371,367,1
0005,nodule,0.4641245487364621,0.30218892316732776,82.31038614838752,4879,3985,2057,9
0006,nodule,0.960073568855851,0.9232129697862933,7.003553390593271,6558,6491,6264,1
0007,nodule,0.37056916023705694,0.22742245402141092,107.6549331032445,1705,7238,1657,6
0008,nodule,0.9079358874120407,0.8313943082155003,8.0,5451,4781,4645,1
0009,nodule,0.38177633585669524,0.23592309537681208,79.0,29178,6885,6884,3
0010,nodule,0.9569933709527201,0.9175333543439437,10.44030650891055,9405,8848,8734,1
0011,nodule,0.406855151045701,0.2553786313358454,50.0,8227,2101,2101,2
0012,nodule,0.5485451575827234,0.37792781528715513,44.0,11995,4536,4534,3
0013,nodule,0.9421598127716483,0.8906447534766119,6.324555320336759,4447,4526,4227,1
0014,nodule,0.9615311248171934,0.92591231937301,8.0,16246,15208,15122,1
0015,nodule,0.8273972602739726,0.705607476635514,5.0,485,610,453,1
0016,nodule,0.4949651432997676,0.32887287699433865,33.069618550605206,655,1927,639,2
0017,nodule,0.4874521480221182,0.3222722159730034,44.526239987362914,1233,3469,1146,3
0018,nodule,0.9157825502588006,0.8446484148335707,21.73901105867407,18790,16179,16012,1
0019,nodule,0.8399172310007524,0.7240149181125345,37.7808123572751,6117,4515,4465,1
0020,nodule,0.7980437087451692,0.6639540177555201,30.1843863746068,17298,11941,11667,2
0021,nodule,0.966495032272101,0.93516244474072,4.47213595499958,14160,13418,13327,1
0022,nodule,0.43169037380086006,0.2752583843071082,27.240027108032198,4501,1545,1305,4
0023,nodule,0.8723353293413174,0.7735768903993203,11.793289937503742,2274,1901,1821,1
0024,nodule,0.9541978387364921,0.912407598760035,6.4031242374328485,12457,11603,11479,1
0025,nodule,0.951215653182849,0.9069697274464448,5.0,9680,9281,9018,1
0026,nodule,0.9460635632335487,0.8976476476476476,4.0,3648,3935,3587,1
0027,nodule,0.8172719473834715,0.6910058027079303,40.22437072223753,1946,1551,1429,2
0028,nodule,0.829675572519084,0.7089278434569914,22.69135915818029,9264,7504,6956,2
0029,nodule,0.8628904538868484,0.7588454927991466,20.4046008881836,16810,12867,12804,3
0030,nodule,0.20534069981583794,0.11441765007696254,109.85323377008982,395,1777,223,3
0031,nodule,0.5244956772334294,0.35546875,5.764083831688678,256,91,91,1
0032,nodule,0.8335477231798302,0.7146007940008823,20.0,6715,4946,4860,3
0033,nodule,0.8936605316973415,0.8077634011090573,6.324555320336759,1320,1614,1311,1
0034,nodule,0.8903669724770642,0.802397684993799,54.68975693761771,1963,2397,1941,4
0035,nodule,0.8235294117647058,0.7,65.30075550688832,1007,1356,973,5
0036,nodule,0.7916053019145802,0.6550883607556368,31.84090487276123,1188,1528,1075,5
0037,nodule,0.0,0.0,,377,0,0,0
0038,nodule,0.6475251012858905,0.47877051315446734,43.86949229163464,7047,4307,3676,8
0039,nodule,0.3743574236468098,0.23028273809523808,70.67705857758496,729,2578,619,3
0040,nodule,0.8176829004796681,0.691593567251462,22.825424421026653,12257,10884,9461,1
0041,nodule,0.8903615468500965,0.8023888720895072,19.339773296511662,6520,5401,5307,2
0042,nodule,0.9195874505394711,0.8511447326288825,19.0,24929,21320,21265,1
0043,nodule,0.9791865458015268,0.9592218262546007,3.0,16897,16639,16419,1
0044,nodule,0.49940191387559807,0.33280191311279395,23.08679276123039,1405,1939,835,1
0045,nodule,0.9642772651999054,0.9310187300137049,4.0,4093,4361,4076,1
0046,nodule,0.9206222576785001,0.8529194382852919,4.123105625617661,1328,1179,1154,1
0047,nodule,0.8453194053836882,0.732080723729993,9.016495508289024,5403,4553,4208,1
0048,nodule,0.8190294957183635,0.6935223976796648,12.24704178709905,3048,2207,2152,2
0049,nodule,0.881590985698464,0.7882545423232584,18.0,11058,9709,9154,6
0050,nodule,0.6994239240935276,0.5377800937988536,16.372851454297145,1820,1131,1032,3
0051,nodule,0.8604471858134156,0.7550744248985115,12.449640481497324,5870,5803,5022,2
0052,nodule,0.7174456879526004,0.559388153167026,38.938380406532055,19482,10898,10898,7
0053,nodule,0.5034327187132208,0.33639163772200015,130.07363194642525,5410,14982,5133,2
0054,nodule,0.6892456047509848,0.5258388659608828,40.311288741492746,6447,10560,5861,2
0055,nodule,0.8627892688920745,0.7586889969385917,19.812010600057157,5525,4241,4213,1
0056,nodule,0.8399407187847351,0.7240498243372724,8.246211251235321,2993,2405,2267,1
0057,nodule,0.9267881112176414,0.8635648942252716,11.51882154340601,13913,12162,12083,2
0058,nodule,0.8747382527849904,0.7773642487625144,19.958672364844197,26863,20893,20887,1
0059,nodule,0.8335065929857197,0.7145403377110694,41.94329928710271,8777,9500,7617,1
0060,nodule,0.9207873716241917,0.8532029253678738,17.474261467359998,11027,10005,9683,1
0061,nodule,0.8638676844783715,0.7603583426651735,14.228443002510561,689,883,679,2
0062,nodule,0.9228164334547313,0.8566937540779406,18.706377437798025,16552,14750,14443,1
0063,nodule,0.9198149043442226,0.8515345268542199,21.862591952579653,14148,14810,13318,1
0064,nodule,0.9353247402759781,0.8785070675150531,20.591260281974,22673,21316,20572,3
0065,nodule,0.9450338933097554,0.8957955021651068,12.0,13558,13586,12826,1
0066,nodule,0.9516867633112045,0.9078267162944582,12.074755694634115,18551,18354,17561,1
0067,nodule,0.5451511991657977,0.3747133027522936,34.60984361373408,3421,1374,1307,3
0068,nodule,0.9008379390265645,0.8195678972296113,20.248456731316587,15147,12898,12632,1
0069,nodule,0.8456402831402832,0.7325621907880984,48.13619699889604,28679,21049,21026,5
0070,nodule,0.776432035072958,0.6345638798407528,49.94967967199705,27630,17533,17533,2
0071,nodule,0.7129634855240138,0.5539574654680991,58.79687158856529,22492,12946,12633,3
0072,nodule,0.8767377201112141,0.7805280528052805,9.470977425970577,4621,4011,3784,2
0073,nodule,0.32312198211034593,0.1926925981873112,85.44003745317531,2126,10507,2041,2
0074,nodule,0.5269709543568465,0.35774647887323946,28.0,885,2007,762,1
0075,nodule,0.7655068078668684,0.6200980392156863,51.641013388770425,1526,1118,1012,4
0076,nodule,0.7631938747607329,0.6170683174883926,13.0,3537,3777,2791,2
0077,nodule,0.8887096774193548,0.7997097242380261,66.87145668252982,2544,2416,2204,5
0078,nodule,0.9402985074626866,0.8873239436619719,1.4142135623730951,348,322,315,1
0079,nodule,0.7883878573533746,0.6506932619800535,31.662206742298196,7704,5868,5350,2
0080,nodule,0.9396682897139379,0.8862021955944608,6.708203932499369,13816,12472,12351,2
0081,nodule,0.7957878901842798,0.6608369768894441,8.602325267042627,1254,1405,1058,1
0082,nodule,0.9022826365734804,0.8219626168224299,5.0,2137,1762,1759,1
0083,nodule,0.9471622562674095,0.8996279454319966,12.124285517095505,23996,21956,21762,1
0084,nodule,0.9405012435431414,0.8876850848681834,12.041594578792296,19028,17561,17206,1
0085,nodule,0.0,0.0,,368,0,0,0
0086,nodule,0.7593757279291871,0.6120916259857304,32.03381382347068,1644,2649,1630,3
0087,nodule,0.256811110267891,0.1473225946887244,36.0,11453,1724,1692,8
0088,nodule,0.9682425117286179,0.9384400139909059,2.0,2842,2700,2683,1
0089,nodule,0.9719576719576719,0.9454451878538342,6.708203932499369,11145,11535,11022,1
0090,nodule,0.7977977977977978,0.6636136552872606,103.33449755909098,865,1133,797,3
0091,nodule,0.6912972085385879,0.5282308657465495,15.943416490252567,428,790,421,1
0092,nodule,0.9453572793274742,0.8963768115942029,7.876662289339318,6769,6316,6185,1
0093,nodule,0.9114709851551956,0.8373419290850483,8.117443799179572,3841,3569,3377,1
0094,nodule,0.6896728016359919,0.5263363246195865,17.046972703339,2563,1349,1349,1
0095,nodule,0.6167400881057269,0.445859872611465,3.4947328716400867,157,70,70,1
0096,nodule,0.8464716696092172,0.7338109063367836,71.0,31610,23331,23253,7
0097,nodule,0.9779200418082049,0.956794068771571,3.1622776601683795,7582,7726,7485,1
0098,nodule,0.9618800730950661,0.9265596856066809,7.615773105863909,11489,12042,11317,1
0099,nodule,0.9686708438874817,0.9392450879007239,3.040569415042095,7408,7594,7266,1
0100,nodule,0.9714639345389534,0.944511298301912,4.0,7401,7142,7064,1
0101,nodule,0.9295774647887324,0.868421052631579,2.0,531,534,495,1
0102,nodule,0.8131067961165048,0.6850715746421268,15.974989604182127,489,335,335,1
0103,nodule,0.951706910907577,0.9078633836378078,8.0,12656,13766,12573,1
0104,nodule,0.9289349008598,0.867300131061599,6.708203932499369,9153,7944,7941,1
0105,nodule,0.8854915460159968,0.7945130813953488,15.0,4784,5093,4373,1
0106,nodule,0.8798593739436144,0.7854901014002897,20.0,7852,6939,6507,1
0107,nodule,0.0,0.0,,166,0,0,0
0108,nodule,0.6903904336550929,0.5271727172717272,18.867962264113206,4544,2397,2396,3
0109,nodule,0.660950386176201,0.4935966370124157,50.307827111964855,8395,6883,5049,3
0110,nodule,0.8566336120292954,0.7492205657275665,41.0,17521,13337,13217,2
0111,nodule,0.957864548863887,0.9191363251481796,2.8970562748477104,2286,2247,2171,1
0112,nodule,0.953344058837049,0.9108476064997804,3.0,2154,2197,2074,1
0113,nodule,0.8080173400550401,0.6778767571101667,35.80153303946007,24200,16861,16589,2
0114,nodule,0.9651851296657172,0.9327128526418715,6.0,27596,25772,25755,1
0115,nodule,0.6107856032524214,0.43966259252883455,37.802499872461965,10523,6203,5108,1
0116,nodule,0.7297637490317583,0.574510252305816,37.54432979070767,13078,7578,7537,3
0117,nodule,0.8458274398868458,0.7328431372549019,63.95028605797824,389,318,299,2
0118,nodule,0.9089912280701754,0.8331658291457287,4.0,842,982,829,1
0119,nodule,0.9327862917823097,0.8740388964269561,6.708203932499369,4413,3874,3865,1
0120,nodule,0.9660550030349723,0.9343388728323699,5.0,11054,10363,10345,1
0121,nodule,0.9294414111717766,0.8681836014123185,7.615773105863909,7364,6922,6639,1
0122,nodule,0.8471621621621621,0.7348493728753956,35.005392980827146,7285,7515,6269,2
0123,nodule,0.6476882697355139,0.4789489399820842,32.32628145104657,1634,3319,1604,7
0124,nodule,0.8425760286225402,0.7279752704791345,5.906495085481172,596,522,471,1
0125,nodule,0.7990894802449732,0.6654030147125192,23.974612284725957,11079,7372,7372,1
0126,nodule,0.9098828072381123,0.834665128923305,12.767085268111776,12055,10216,10132,1
0127,nodule,0.8031024629201252,0.6709868121873579,24.833997938751295,8796,5902,5902,1
0128,nodule,0.8513046211883055,0.7411056376573618,21.146758286230725,1420,1761,1354,2
0129,nodule,0.9560761346998536,0.9158485273492286,2.0,1404,1328,1306,1
0130,nodule,0.7487421383647799,0.5983915556672531,34.22857154922122,19096,12704,11905,2
0131,nodule,0.958179692418383,0.9197168508287292,8.94427190999916,10783,11455,10654,1
0132,nodule,0.9014701282452299,0.820615034168565,5.0,1704,1493,1441,1
0133,nodule,0.9047558005383926,0.8260767790262172,8.246211251235321,8446,7156,7058,1
0134,nodule,0.7161410018552876,0.5578034682080925,62.0,2275,3654,2123,2
0135,nodule,0.7540803227581148,0.6052399175743303,69.11538854646115,2269,3184,2056,9
0136,nodule,0.7716535433070866,0.6282051282051282,149.36464284070505,929,1357,882,4
0137,nodule,0.9210667621263647,0.8536828135368282,6.0,2762,2825,2573,1
0138,nodule,0.6981493299298022,0.5362745098039216,24.758836806279895,4152,6817,3829,2
0139,nodule,0.9036241610738255,0.8241919686581782,25.965169243282798,3668,3782,3366,3
0140,nodule,0.7909167773885735,0.6541458541458541,24.0,10010,6548,6548,2
0141,nodule,0.9209714813064128,0.8535191288747966,25.0,23884,20543,20458,1
0142,nodule,0.9518454222960223,0.9081155037085044,12.0,13808,12690,12611,1
0143,nodule,0.43358535614803023,0.276801138095722,70.0,4135,8430,2724,2
0144,nodule,0.8946082423847532,0.8093132920719127,9.211336491335102,6322,5956,5492,1
0145,nodule,0.527209186220669,0.3579661016949153,49.3858560780663,2810,1196,1056,2
0146,nodule,0.957345971563981,0.9181818181818182,3.0,3317,3224,3131,1
0147,nodule,0.8204071115691832,0.6955002184359983,90.6244947344829,1912,1969,1592,8
0148,nodule,0.9191244147424867,0.8503517215845983,21.37755832643195,13278,11711,11484,1
0149,nodule,0.7015457788347206,0.5402930402930403,41.736032433221496,314,527,295,3
0150,nodule,0.9190160093713393,0.8501661609593989,11.40175425099138,6546,6259,5884,1
0151,nodule,0.8239073075599403,0.7005462348809989,23.034741645400214,7955,9479,7182,2
0152,nodule,0.9529874942102825,0.9101968591019686,3.1622776601683795,4419,4217,4115,1
0153,nodule,0.8614987686173332,0.7566955088586732,26.605657641067424,4574,3953,3673,1
0154,nodule,0.8241683638832314,0.7009237875288684,13.92838827718412,4276,3089,3035,1
0155,nodule,0.42696929238985315,0.2714309964352402,38.52180781829211,5013,2477,1599,2
0156,nodule,0.8796980141145577,0.7852329329036039,32.54381302627121,2898,3195,2680,5
0157,nodule,0.8011948746167754,0.668327868852459,19.924858845171276,7281,5440,5096,2
0158,nodule,0.67336217552534,0.5075704635453063,20.037268509697483,4032,2440,2179,2
0159,nodule,0.9530139812055924,0.910245183887916,2.8284271247461903,2239,2124,2079,1
0160,nodule,0.7955271565495208,0.6604774535809018,20.0,4745,3393,3237,1
0161,nodule,0.9137362850385764,0.8411735313013063,10.44030650891055,13930,11863,11784,1
0162,nodule,0.773814857962183,0.6310750566396258,36.86173157302028,11307,11011,8635,3
0163,nodule,0.7480448108222363,0.597501266250211,24.041630560342615,5886,3576,3539,1
0164,nodule,0.1974921630094044,0.10956521739130434,48.03491894507173,149,1127,126,3
0165,nodule,0.8457364341085272,0.732706514439221,61.01843148460247,11149,14651,10910,2
0166,nodule,0.8949152542372881,0.8098159509202454,8.0,4727,3828,3828,1
0167,nodule,0.7141987764645591,0.5554503786369072,50.08222953216162,20072,11149,11149,1
0168,nodule,0.9258278145695364,0.8618988902589396,2.23606797749979,769,741,699,1
0169,nodule,0.8602880088618111,0.7548293038512939,27.0,16417,12471,12426,2
0170,nodule,0.9356252106504888,0.8790373654211526,16.1245154965971,2852,3082,2776,4
0171,nodule,0.8308361696901646,0.7106242496998799,22.407313023374595,16640,11859,11839,1
0172,nodule,0.6525641025641026,0.48430066603235017,31.41810392336304,4457,3343,2545,5
0173,nodule,0.7470231878002924,0.5961987329109704,13.0,1937,2850,1788,1
0174,nodule,0.6336633663366337,0.463768115942029,72.30174314925566,334,676,320,3
0175,nodule,0.8096671684228132,0.6802023324434453,43.4688959874745,11021,12895,9682,3
0176,nodule,0.9168207024029574,0.8464163822525598,21.148204256369333,564,518,496,3
0177,nodule,0.6842105263157895,0.52,68.22388419921359,14050,7306,7306,1
0178,nodule,0.7800149142431022,0.6393643031784841,54.15712829189242,1839,2184,1569,7
0179,nodule,0.968058330522328,0.9380940407342218,7.615773105863909,19797,18742,18654,1
0180,nodule,0.7319811662441145,0.5772636389602971,63.0,9995,6571,6063,3
0181,nodule,0.0,0.0,97.55719863711182,377,531,0,5
0182,nodule,0.8940352766931466,0.8083759435110787,14.774947628941907,3502,3925,3320,1
0183,nodule,0.3228291316526611,0.19248434237995823,54.09990445250057,937,4775,922,1
0184,nodule,0.8011071569790431,0.6682058047493403,7.106076496631101,1516,1013,1013,1
0185,nodule,0.9799009999667785,0.9605940207125643,3.0,15299,14802,14748,1
0186,nodule,0.19979818365287588,0.1109865470852018,88.42026852108911,223,1759,198,4
0187,nodule,0.7050580249616817,0.5444707473791004,18.67877987534291,2440,2127,1610,5
0188,nodule,0.8061224489795918,0.6752136752136753,9.486832980505138,2852,3028,2370,3
0189,nodule,0.7242404928829403,0.5676935886761032,24.849164216080915,6005,3409,3409,1
0190,nodule,0.8976237269966053,0.8142625607779579,31.764725107895643,15116,12869,12560,2
0191,nodule,0.6077477126727662,0.43652125279642057,52.17087278284621,24765,11194,10927,3
0192,nodule,0.9327086882453152,0.87390263367917,2.0,1152,1196,1095,1
0193,nodule,0.7302072714916752,0.5750602087235751,36.657180041869054,3424,2462,2149,3
0194,nodule,0.7917656373713381,0.6553079947575361,16.7315382256912,2333,2719,2000,2
0195,nodule,0.8379351740696278,0.7210743801652892,5.245405989843279,362,471,349,1
0196,nodule,0.8205938092229943,0.6957686127477236,6.057474891998985,1598,1568,1299,2
0197,nodule,0.9147794994040525,0.842943437671609,5.0,1665,1691,1535,1
0198,nodule,0.9496183206106871,0.9040697674418605,1.0414213562373071,320,335,311,1
0199,nodule,0.634974533106961,0.4651741293532338,14.610644978963546,788,390,374,2
0200,nodule,0.7829457364341085,0.643312101910828,3.980277563773195,305,211,202,1
0201,nodule,0.5725466586393738,0.4010965837199494,41.43669871020132,1024,2298,951,4
0202,nodule,0.8787429587903943,0.7837123215230037,12.61904517498895,4919,5200,4446,1
0203,nodule,0.7578027465667915,0.6100502512562814,11.180339887498949,1891,1313,1214,1
0204,nodule,0.9368959636156907,0.881283422459893,2.8284271247461903,924,835,824,1
0205,nodule,0.9024611708482676,0.8222589915527301,11.180339887498949,10692,10233,9442,1
0206,nodule,0.6482758620689655,0.47959183673469385,6.288286401830977,489,236,235,1
0207,nodule,0.9163094969546582,0.8455453788509575,4.47213595499958,2371,2062,2031,1
0208,nodule,0.8984387238264321,0.8156048540007584,29.474454901823666,10212,8939,8603,1
0209,nodule,0.9734770497759477,0.9483246814535158,3.0,8211,8303,8038,1
0210,nodule,0.9558097381086318,0.9153597509876691,5.127634042946963,7997,8002,7646,2
0211,nodule,0.9505269869847343,0.9057183702644747,8.48528137423857,13971,12690,12671,1
0212,nodule,0.9735206700891651,0.9484074756514872,4.123105625617661,11039,11167,10809,1
0213,nodule,0.9636985545625069,0.9299403747870528,6.066210024238572,4399,4664,4367,1
0214,nodule,0.9618454962599786,0.9264955194962461,5.0,7857,8052,7651,1
0215,nodule,0.6975061869407957,0.5355159310143233,24.515301344262525,6057,4449,3664,2
0216,nodule,0.6849796103307657,0.5208889654578345,39.98499296215047,11609,6047,6047,1
0217,nodule,0.18519046939649023,0.10204402515723271,59.85175128743517,5534,1475,649,5
0218,nodule,0.8437628371901958,0.7297489341544292,37.41654519157082,16772,12440,12324,1
0219,nodule,0.958852574653186,0.9209575429087624,2.23606797749979,2047,2206,2039,1
0220,nodule,0.8901927912824812,0.8021148036253777,6.708203932499369,1965,1614,1593,1
0221,nodule,0.8473569590180162,0.7351425626932325,32.566842616442365,17147,13159,12840,1
0222,nodule,0.8759461995620894,0.7792742653606411,18.439088914585774,8462,7523,7001,2
0223,nodule,0.9398087787918297,0.8864521418323427,7.0,9505,8903,8650,2
0224,nodule,0.9375465052830001,0.8824353347651508,7.0,10686,9473,9450,2
0225,nodule,0.6910678307588985,0.5279630579784504,49.13766324281755,5333,6579,4116,5
0226,nodule,0.9264290517821117,0.8629416186419444,6.0,3712,3723,3444,2
0227,nodule,0.9117848187827673,0.8378718056137411,7.148086918349845,4554,4220,4000,1
0228,nodule,0.9126993790332399,0.839417693169093,6.395267345723238,4465,3748,3748,1
0229,nodule,0.489787049109083,0.3243165467625899,31.181988005025595,2896,1706,1127,2
0230,nodule,0.7024467245461721,0.5413625304136253,18.321959769047197,2349,1452,1335,3
0231,nodule,0.0,0.0,,520,0,0,0
0232,nodule,0.9419191919191919,0.8902147971360382,2.0,376,416,373,1
0233,nodule,0.8283073409228793,0.706932261208577,41.133898916986475,16329,11692,11605,3
0234,nodule,0.7155271888071542,0.5570590382077988,74.4996600262435,35593,19871,19843,3
0235,nodule,0.8114199849737039,0.6826801517067004,4.0,791,540,540,2
0236,nodule,0.9002671415850401,0.8186234817813766,4.47213595499958,1208,1038,1011,1
0237,nodule,0.8669367404175756,0.7651265126512651,5.0,1739,1470,1391,3
0238,nodule,0.8846689202624777,0.7931895168479229,33.2618050160945,27913,22377,22245,4
0239,nodule,0.9218224299065421,0.8549820136089802,23.44135101404935,23016,19784,19727,3
0240,nodule,0.9378455672068636,0.8829653563094597,12.649110640673518,11035,9945,9838,2
0241,nodule,0.7887503994886546,0.6511873350923483,29.351087471766256,11365,7409,7404,2
0242,nodule,0.6733248335458281,0.5075280298985585,40.00249960949702,8202,5916,4753,4
0243,nodule,0.8944055944055944,0.8089816571790006,80.0,8528,8632,7674,11
0244,nodule,0.8758077226162333,0.7790550960325249,18.384776310850235,14246,11134,11114,1
0245,nodule,0.9471443774388081,0.8995956873315364,4.242640687119285,2945,2693,2670,1
0246,nodule,0.8804549283909014,0.78643991270976,14.785072197650415,13289,10451,10451,1
0247,nodule,0.9157884832517877,0.8446585090688189,24.17536691601827,10115,11141,9733,2
0248,nodule,0.6325519973588644,0.4625784645098986,117.48750866833646,958,2071,958,3
0249,nodule,0.0,0.0,,679,0,0,0
0250,nodule,0.7976071784646062,0.6633499170812603,4.322964030877387,583,420,400,1
0251,nodule,0.0,0.0,,221,0,0,0
0252,nodule,0.9531517509727626,0.9104965804341362,4.47213595499958,6202,6648,6124,1
0253,nodule,0.962898901669117,0.9284523015343562,5.4802561119597515,5921,5642,5567,1
0254,nodule,0.9244553956431651,0.8595230657086327,9.0,9603,8254,8254,1
0255,nodule,0.7846422338568936,0.6456059735784032,12.107578993568854,1166,1699,1124,1
0256,nodule,0.9154267815191856,0.844043321299639,6.0,2411,2697,2338,1
0257,nodule,0.8018724696356275,0.6692713833157339,103.4649050204756,3195,4709,3169,2
0258,nodule,0.8093023255813954,0.6796875,5.656854249492381,1466,1114,1044,2
0259,nodule,0.8539511336121506,0.7451262844521271,28.0,10401,7771,7759,1
0260,nodule,0.8801744712369353,0.7859925038583082,16.41033977041811,13321,10981,10695,3
0261,nodule,0.9092674013589904,0.8336299863888598,25.709920264364882,8951,8562,7962,2
0262,nodule,0.9184427744240483,0.8491855564415082,12.206555615733702,8669,7565,7455,1
0263,nodule,0.0,0.0,74.34376315591123,178,2392,0,2
0264,nodule,0.9605263157894737,0.9240506329113924,4.242640687119285,9437,8803,8760,1
0265,nodule,0.8460982183945829,0.7332497721057429,47.406748884000734,7552,7659,6435,3
0266,nodule,0.5668116842759477,0.3954900260190807,14.396109092211056,456,1153,456,1
0267,nodule,0.9199793495095508,0.8518164435946463,3.0,989,948,891,1
0268,nodule,0.8764166216945494,0.7800192122958693,125.0,982,871,812,3
0269,nodule,0.6966163593963127,0.534467625413544,45.46794668677131,14471,8256,7916,1
0270,nodule,0.9359812507709387,0.8796661256665894,5.0,4251,3856,3794,1
0271,nodule,0.7109402306885705,0.5515184381778742,26.022102960430136,3213,2509,2034,4
0272,nodule,0.8430761560513523,0.7287222581340228,23.377317440648376,4598,3425,3382,1
0273,nodule,0.9517212945784375,0.9078895618658066,9.848857801796104,12557,11698,11542,2
0274,nodule,0.9081942336874052,0.8318276580959,12.165525060596439,5688,4856,4788,1
0275,nodule,0.9086115992970123,0.8325281803542673,3.1622776601683795,1136,1140,1034,1
0276,nodule,0.0,0.0,35.42311304489279,129,295,0,1
0277,nodule,0.7840244920679098,0.6447699702449073,17.46424919657298,4206,2980,2817,1
0278,nodule,0.9161768073898771,0.8453194336831725,10.63014581273465,14100,12098,12001,1
0279,nodule,0.20966398222715912,0.1171087327439119,183.7062872570664,6447,755,755,1
0280,nodule,0.9253362304724085,0.8610472007250923,11.187008318073234,14320,12373,12350,1
0281,nodule,0.8268791132663664,0.7048541396008031,19.697715603592208,8402,6033,5968,2
0282,nodule,0.9287216300485824,0.866928387708136,6.761249694973153,6455,7336,6404,1
0283,nodule,0.9346262120738192,0.8772753963593658,2.0,1615,1582,1494,2
0284,nodule,0.9394845507617827,0.885875402792696,3.605551275463989,3706,3317,3299,2
0285,nodule,0.40370027752081405,0.2528975428836347,32.38826948140329,1133,4272,1091,2
0286,nodule,0.9691042047531992,0.9400602943784359,5.0,11204,10676,10602,1
0287,nodule,0.9043266301035954,0.8253615127919911,9.013846284534354,2257,2666,2226,1
0288,nodule,0.897041656938932,0.8133051103719383,13.0,16516,13467,13448,1
0289,nodule,0.9543918918918919,0.9127625201938611,1.4142135623730951,608,576,565,1
0290,nodule,0.9398663697104677,0.8865546218487395,8.031128874149275,8728,8334,8018,1
0291,nodule,0.8142048378795677,0.6866319444444444,33.56298131416876,3430,2399,2373,2
0292,nodule,0.9099636563121443,0.8348012078510317,43.755896726138076,23567,20182,19905,1
0293,nodule,0.7404087878456662,0.5878167303019785,80.00062497558784,3730,5419,3387,9
0294,nodule,0.7721472839956253,0.6288598574821853,27.19999999999999,3637,4592,3177,1
0295,nodule,0.9462453464087897,0.8979750107712193,43.752059658541,23209,20843,20842,1
0296,nodule,0.8547554681739985,0.7463519313304721,55.777245733454855,2067,2002,1739,2
0297,nodule,0.8381347150259068,0.7213699607563325,15.63808642169018,2665,2160,2022,1
0298,nodule,0.881255686988171,0.7877185847905652,7.0,2380,2016,1937,1
0299,nodule,0.7693482410689937,0.6251551143414288,42.80186911806539,22496,14174,14106,2
0300,nodule,0.9034434685626656,0.8238913751017087,18.439088914585774,19664,16201,16201,1
0301,nodule,0.6391996451628801,0.46972330870635953,39.74779621023145,13806,6485,6485,4
0302,nodule,0.9560134249072036,0.9157334468809879,7.0710678118654755,23317,21674,21506,1
0303,nodule,0.8627857550152921,0.7586835627678001,34.02640224719051,10523,8768,8322,3
0304,nodule,0.8449281331974765,0.731493993993994,33.528345793582886,26629,19498,19487,1
0305,nodule,0.8766328011611031,0.7803617571059431,7.822850079526244,654,724,604,2
0306,nodule,0.9531592249368155,0.9105102205053919,5.342243013103236,5783,6087,5657,1
0307,nodule,0.941809185758847,0.8900182964017077,11.180339887498949,14683,13208,13134,1
0308,nodule,0.9082200424482304,0.8318709609625388,18.84221004007687,18519,16347,15833,2
0309,nodule,0.8797207733636613,0.7852692011482182,16.18623753639814,14278,11221,11216,1
0310,nodule,0.9026455026455027,0.8225650916104147,4.47213595499958,1011,879,853,1
0311,nodule,0.802466417088747,0.6700993012136816,12.083045973594572,2715,1826,1822,1
0312,nodule,0.33101975440469833,0.19833653230966092,65.1823721640172,881,992,310,2
0313,nodule,0.9584932698705154,0.9202948402948403,6.082762530298219,9568,9971,9364,1
0314,nodule,0.9679123749591855,0.9378199597354041,5.0,17120,16569,16304,1
0315,nodule,0.9467023112585022,0.8987984321788858,8.06225774829855,15433,14118,13988,1
0316,nodule,0.9144729773288922,0.8424230426605959,11.704699910719626,9904,8710,8511,2
0317,nodule,0.8974358974358975,0.813953488372093,4.200803415593714,965,985,875,2
0318,nodule,0.9147926552506705,0.8429657794676806,4.47213595499958,2615,2232,2217,1
0319,nodule,0.7125430090710041,0.5534499514091351,49.12268582434657,2616,3778,2278,3
0320,nodule,0.625979381443299,0.45558223289315725,23.32033927274421,830,1595,759,2
0321,nodule,0.9694302918017601,0.9406741573033708,4.762461179749787,12692,13216,12558,1
0322,nodule,0.844373296413274,0.7306626731561213,40.24903099319418,9862,13251,9758,2
0323,nodule,0.863027340213652,0.7590572497810335,20.249597861888848,12471,9621,9533,2
0324,nodule,0.8507074490220558,0.7402009595365258,17.0,10577,8647,8177,1
0325,nodule,0.8165443629086058,0.6899661781285231,36.890755429490895,622,877,612,3
0326,nodule,0.9325227963525836,0.8735763097949886,3.1622776601683795,848,797,767,1
0327,nodule,0.7980613893376414,0.6639784946236559,5.804837248042362,741,497,494,1
0328,nodule,0.9457791282879119,0.8971356512340118,8.06225774829855,5281,5250,4980,2
0329,nodule,0.8888491886258747,0.7999356878718045,30.71056666752481,17782,15803,14926,1
0330,nodule,0.957647410954804,0.9187365398420675,7.0,13696,13032,12798,1
0331,nodule,0.9406821248926512,0.8880074121257745,8.54400374531753,15595,17009,15335,1
0332,nodule,0.9684521996431835,0.9388340504513625,3.743608329051602,11607,11374,11128,1
0333,nodule,0.5143420188307423,0.34620486366986,28.736554290002726,6565,2569,2349,4
0334,nodule,0.9354413702239789,0.8787128712871287,6.082762530298219,8815,8642,8165,1
0335,nodule,0.9279508740099787,0.8655861485386969,19.0,15272,13389,13298,1
0336,nodule,0.9681984061964698,0.9383571531687599,9.219544457292887,20597,19684,19500,1
0337,nodule,0.0,0.0,,205,0,0,0
0338,nodule,0.9421122403888643,0.8905597326649958,2.0,1196,1067,1066,1
0339,nodule,0.937134909596662,0.8817063595917299,11.013608305156176,11065,10505,10107,1
0340,nodule,0.9560242315458829,0.9157532774554051,5.0,9186,8642,8522,1
0341,nodule,0.9179642110155706,0.8483676975945017,5.0,2319,1984,1975,1
0342,nodule,0.7140881248765066,0.5553165334972342,25.321029809691673,1866,3195,1807,2
0343,nodule,0.8234217749313815,0.6998444790046656,7.615773105863909,1535,1744,1350,2
0344,nodule,0.8718699356997229,0.7728452270620946,21.64365875353681,10757,8372,8339,2
0345,nodule,0.905642333439592,0.827556073405185,5.830951894845301,3244,3030,2841,1
0346,nodule,0.25287356321839083,0.14473684210526316,15.234821828180344,304,44,44,1
0347,nodule,0.744661095636026,0.5931952662721893,8.0,664,413,401,1
0348,nodule,0.7113702623906706,0.5520361990950227,21.91800481971834,2666,1793,1586,3
0349,nodule,0.8760570824524313,0.7794498001410769,69.17687947714043,3914,3654,3315,2
0350,nodule,0.2923947112440105,0.17123085362251572,96.83671821130119,23699,4058,4058,1
0351,nodule,0.8206263140422707,0.6958153499718521,14.866068747318506,5226,3811,3708,1
0352,nodule,0.21058823529411766,0.11768573307034845,124.28987055513694,669,4431,537,6
0353,nodule,0.9107534747622531,0.8361316319677636,4.0,1453,1281,1245,1
0354,nodule,0.4808259587020649,0.31650485436893205,101.52142508689131,910,446,326,2
0355,nodule,0.8971366535486498,0.8134613018333948,9.786626301335188,7231,7507,6611,2
0356,nodule,0.8380952380952381,0.7213114754098361,43.12497600765543,16939,12356,12276,9
0357,nodule,0.12001246882793018,0.06383684297794727,48.49326891554672,6008,408,385,9
0358,nodule,0.8433417499176639,0.7291192103264996,11.0,4199,4910,3841,2
0359,nodule,0.9193927522037219,0.8508112027553703,17.0,20661,20179,18774,1
0360,nodule,0.8283145675133107,0.706942789034565,29.544807203461076,6494,4963,4745,2
0361,nodule,0.8596237337192475,0.7538071065989848,27.0,19216,14643,14553,3
0362,nodule,0.7268477139910622,0.5709039853115887,32.16018820305493,8536,6009,5286,5
0363,nodule,0.9088522677555783,0.8329323710237905,7.0,3570,3287,3116,1
0364,nodule,0.9243681265676249,0.859372197309417,19.32593595030947,11150,9582,9582,1
0365,nodule,0.6812202630842429,0.516553480475382,12.047812288012636,2356,1217,1217,1
0366,nodule,0.9408565601631543,0.8883183568677792,2.0,759,712,692,1
0367,nodule,0.8575869120654397,0.750680223399685,38.4902306245269,13127,11323,10484,2
0368,nodule,0.8991512730903645,0.816780045351474,8.06225774829855,2148,1858,1801,1
0369,nodule,0.6272655634357762,0.4569460390355913,33.014643658520754,748,521,398,4
0370,nodule,0.9087433510638298,0.8327494287890328,10.770329614269007,5931,6101,5467,1
0371,nodule,0.9514701393834571,0.9074325635552105,3.1622776601683795,5139,4690,4676,1
0372,nodule,0.8785654778434562,0.7834300268855243,17.72004514666935,14121,11086,11073,5
0373,nodule,0.8632562715199213,0.7594115101687581,7.810249675906654,2307,1759,1755,2
0374,nodule,0.8879799200520592,0.79852867413476,25.71438591983803,5981,4776,4776,1
0375,nodule,0.9241793131572048,0.8590458655980939,14.866068747318506,18318,16013,15864,1
0376,nodule,0.8668045501551189,0.7649206059499909,28.259468134101006,16241,12769,12573,1
0377,nodule,0.9188432427702673,0.8498705082550987,12.649110640673518,11780,11077,10501,1
0378,nodule,0.5040431266846361,0.33693693693693694,14.9560219778561,263,479,187,1
0379,nodule,0.9197367739261102,0.8514006139677667,9.0,9818,9481,8875,1
0380,nodule,0.7953261927945472,0.6602004526349822,21.019666204989292,3016,2119,2042,1
0381,nodule,0.6775364626456913,0.5123290310152186,37.0,10334,5367,5319,1
0382,nodule,0.882907133243607,0.7903614457831325,8.015564437074637,1229,1000,984,1
0383,nodule,0.927933293627159,0.8655555555555555,3.0,801,878,779,1
0384,nodule,0.7944617784711389,0.6590100291167906,7.634984450570696,2978,2150,2037,3
0385,nodule,0.9284525790349417,0.8664596273291926,6.791093483101483,7830,7195,6975,3
0386,nodule,0.9743849432417606,0.9500493745885451,4.0,11936,11761,11545,1
0387,nodule,0.8335588633288228,0.7146171693735499,3.605551275463989,427,312,308,1
0388,nodule,0.9272617368527101,0.8643876784372652,3.6252737116907943,2655,2308,2301,1
0389,nodule,0.8330411065653613,0.7138564273789649,11.0,2869,2264,2138,1
0390,nodule,0.9147609147609148,0.842911877394636,4.123105625617661,1979,1869,1760,1
0391,nodule,0.691954834156669,0.5289991907202589,43.599190289272734,2295,3373,1961,3
0392,nodule,0.5651074589127687,0.39383259911894275,40.52546197782584,661,921,447,3
0393,nodule,0.8562066792690611,0.748567650947554,10.382435961741125,4519,3416,3397,1
0394,nodule,0.8805166846071044,0.7865384615384615,3.016227766016837,444,485,409,1
0395,nodule,0.708994708994709,0.5491803278688525,44.974333209254034,237,330,201,3
0396,nodule,0.9502946736350495,0.9052966101694915,4.123105625617661,4654,4339,4273,1
0397,nodule,0.46875,0.30612244897959184,8.546919821403785,243,77,75,1
0398,nodule,0.7253371185237757,0.5690423162583519,23.672672264183436,5419,4444,3577,4
0399,nodule,0.8992805755395683,0.8169934640522876,3.0,887,781,750,1
0400,nodule,0.5421918393505661,0.37192262602579135,69.06589820227123,1307,3374,1269,3
0401,nodule,0.8090452261306532,0.679324894514768,3.4282418293457426,451,345,322,1
0402,nodule,0.8887778887778888,0.7998201977824393,11.598668929814732,3253,2753,2669,1
0403,nodule,0.8393919365499009,0.7232346241457859,3.605551275463989,868,645,635,2
0404,nodule,0.7549909255898367,0.6064139941690962,17.27612834360402,451,651,416,1
0405,nodule,0.7430668841761827,0.591174561972745,15.831140365968865,1535,917,911,2
0406,nodule,0.9358870313260834,0.8794996949359365,30.590226578994503,6120,6202,5766,3
0407,nodule,0.8933528122717312,0.8072607260726072,7.810249675906654,3015,2461,2446,1
0408,nodule,0.6838504764231615,0.5195841841470206,33.20811301082004,10227,6145,5598,4
0409,nodule,0.8272108843537415,0.7053364269141531,11.983095189484526,2575,1835,1824,1
0410,nodule,0.2744776730848013,0.1590693257359924,80.97992586197942,674,4208,670,3
0411,nodule,0.9594977413674297,0.9221486387049301,4.242640687119285,6447,6614,6266,1
0412,nodule,0.9051184736896092,0.8266816563612517,18.880749147385696,4557,5192,4412,1
0413,nodule,0.962228318210593,0.9272061813745425,57.44371313602174,2349,2390,2280,2
0414,nodule,0.7583516215557181,0.6107619795758051,11.180339887498949,2494,1607,1555,2
0415,nodule,0.9060068868766739,0.8281650734436932,9.538149682454607,3987,3854,3552,1
0416,nodule,0.8572948058854813,0.7502327024511325,12.099541790994945,2439,3202,2418,1
0417,nodule,0.951665243381725,0.9077875529488433,3.605551275463989,3060,2795,2786,1
0418,nodule,0.9093870299082025,0.8338311159380939,6.0,3547,3207,3071,2
0419,nodule,0.788036410923277,0.6502145922746781,18.681541692269406,828,710,606,3
0420,nodule,0.42578125,0.2704714640198511,26.92582403567252,3890,1230,1090,2
0421,nodule,0.8299578309675121,0.7093401015228427,29.060219778561034,9807,7030,6987,1
0422,nodule,0.9697292688126199,0.9412373267121871,3.644996147917599,9594,9170,9098,1
0423,nodule,0.9125765099896062,0.8392098555649957,8.06225774829855,3985,4674,3951,1
0424,nodule,0.8840040581670612,0.7921212121212121,7.2732091554452625,1608,1349,1307,1
0425,nodule,0.6689346166611351,0.5025557910484977,80.0,4535,7517,4031,3
0426,nodule,0.8888888888888888,0.8,71.73160278728868,955,881,816,3
0427,nodule,0.9365177832919769,0.8806144273770173,7.175588850572996,4928,4744,4529,1
0428,nodule,0.9221724524076148,0.8555844155844156,6.708203932499369,3635,3509,3294,2
0429,nodule,0.909710391822828,0.834375,2.0,283,304,267,1
0430,nodule,0.8585638251461478,0.7521785659685063,17.029386365926403,5177,6284,4920,2
0431,nodule,0.9345741680767061,0.8771836950767602,3.0,1775,1771,1657,1
0432,nodule,0.9448238050142053,0.8954180444024563,10.588816906321833,10203,9860,9478,1
0433,nodule,0.9054134443783463,0.8271739130434783,11.16459209720689,4877,5209,4566,3
0434,nodule,0.8744365743721829,0.7768878718535469,4.47213595499958,1464,1642,1358,1
0435,nodule,0.8290544771446462,0.7080213903743315,14.866068747318506,2014,2777,1986,3
0436,nodule,0.8959379278868097,0.8114923522116577,5.0,2395,1987,1963,1
0437,nodule,0.8663706096083973,0.7642450142450142,33.40457355694381,2222,2732,2146,2
0438,nodule,0.5037783375314862,0.3367003367003367,51.86520991955976,741,1244,500,3
0439,nodule,0.8656783468104223,0.7631683168316832,5.588931888902911,2515,1937,1927,2
0440,nodule,0.8561428571428571,0.7484700886724116,11.25369262381614,6207,7793,5993,1
0441,nodule,0.8658698539176627,0.7634660421545667,4.0,837,669,652,1
0442,nodule,0.5695738915522734,0.39818477039010786,49.425152711210714,24012,9571,9564,9
0443,nodule,0.3401951093729855,0.20496090311221585,105.27051444918817,19277,3992,3958,4
0444,nodule,0.8793503480278422,0.7846790890269151,2.888477631085023,475,387,379,1
0445,nodule,0.928643216080402,0.8667917448405253,3.0,932,1058,924,1
0446,nodule,0.6555639666919001,0.48761261261261263,11.40175425099138,888,433,433,1
0447,nodule,0.7850348763474952,0.6461377870563675,14.032101962856379,632,945,619,1
0448,nodule,0.6204256799860813,0.44972254918446275,62.36503872406522,23481,11005,10698,5
0449,nodule,0.7333545040753678,0.5789737589837874,35.49375683519281,8686,10208,6928,1
0450,nodule,0.57091802546348,0.3994998437011566,33.49244058581237,3170,1307,1278,2
0451,nodule,0.9520410439437876,0.9084716900808855,96.60486526724713,2219,2264,2134,5
0452,nodule,0.9588444415975402,0.920942537221607,6.4031242374328485,16242,14981,14969,2
0453,nodule,0.6681614349775785,0.5016835016835017,54.81312234943169,487,405,298,2
0454,nodule,0.7136929460580913,0.5548387096774193,5.0,309,173,172,1
0455,nodule,0.8507157464212679,0.7402135231316725,103.53633112951233,1308,1626,1248,4
0456,nodule,0.9115442278860569,0.837465564738292,2.8284271247461903,362,305,304,1
0457,nodule,0.9025862068965518,0.8224666142969363,50.75,4507,4773,4188,2
0458,nodule,0.9343070369302713,0.8767131522000481,10.04987562112089,16340,14881,14585,1
0459,nodule,0.8658732711482792,0.763471355643789,86.43560464610505,1459,1650,1346,2
0460,nodule,0.1458910433979686,0.07868525896414343,104.33259690943292,247,836,79,4
0461,nodule,0.7896103896103897,0.6523605150214592,3.0,233,152,152,1
0462,nodule,0.8685941563408291,0.767712276906436,66.6450347457322,3201,3336,2839,2
0463,nodule,0.32452830188679244,0.19369369369369369,9.219544457292887,282,248,86,1
0464,nodule,0.9543859649122807,0.912751677852349,1.4142135623730951,587,553,544,1
0465,nodule,0.9351481184947958,0.8781954887218045,3.605551275463989,1854,1893,1752,1
0466,nodule,0.9050985110542938,0.8266483516483516,7.280109889280518,3624,3025,3009,1
0467,nodule,0.7793030623020063,0.6384083044982699,8.849999999999994,433,514,369,1
0468,nodule,0.5884528456955003,0.41688500727802036,18.04435915711092,2682,2185,1432,2
0469,nodule,0.9345283465187794,0.8771029651191474,13.0,20162,17885,17778,1
0470,nodule,0.9311429570080392,0.8711576193590582,3.605551275463989,1470,1391,1332,1
0471,nodule,0.9310485516115871,0.8709923664122138,3.0,1262,1189,1141,1
0472,nodule,0.9569041336851363,0.9173693086003373,3.605551275463989,2930,2755,2720,1
0473,nodule,0.9565318187087052,0.9166851810708732,4.123105625617661,4261,4366,4126,1
0474,nodule,0.6765517241379311,0.5112037519541428,28.858270415246235,5388,3312,2943,2
0475,nodule,0.9377431906614786,0.8827838827838828,2.0,516,512,482,1
0476,nodule,0.9154160982264665,0.8440251572327044,3.1622776601683795,780,686,671,1
0477,nodule,0.7486157253599114,0.5982300884955752,5.656854249492381,565,338,338,1
0478,nodule,0.9454545454545454,0.896551724137931,1.4142135623730951,450,485,442,1
0479,nodule,0.9032258064516129,0.8235294117647058,4.47213595499958,640,662,588,1
0480,nodule,0.8837749626597333,0.791753394786401,16.55294535724685,8445,9632,7988,1
0481,nodule,0.9703301295445048,0.9423701298701299,2.8284271247461903,4824,4748,4644,1
0482,nodule,0.9596063622840142,0.9223493180818302,2.8284271247461903,4407,4332,4193,1
0483,nodule,0.5288671940750715,0.35949656750572084,67.00746227100382,4186,1755,1571,2
0484,nodule,0.8724534986713907,0.7737627651217597,7.0,1111,1147,985,1
0485,nodule,0.6891655140617796,0.5257456387169387,33.79034501017079,12387,9303,7474,4
0486,nodule,0.9308460731828467,0.8706380342762751,7.810249675906654,9441,8678,8433,1
0487,nodule,0.8683340223232741,0.7673059360730594,22.555030916178865,4601,5075,4201,1
0488,nodule,0.9004162664105028,0.8188701223063483,5.0,1695,1428,1406,1
0489,nodule,0.8285077951002228,0.7072243346007605,2.8284271247461903,479,419,372,2
0490,nodule,0.8294437340153452,0.7085893759388229,22.871266661955598,7079,5433,5189,1
0491,nodule,0.9127348643006263,0.8394777265745008,3.1622776601683795,1260,1135,1093,1
0492,nodule,0.9374379344587885,0.8822429906542056,2.0,509,498,472,1
0493,nodule,0.9486139283299526,0.9022508038585209,2.23606797749979,1537,1421,1403,1
0494,nodule,0.8500619578686494,0.7392241379310345,5.0990195135927845,1093,1328,1029,1
0495,nodule,0.9139160285186163,0.8414782397276926,9.899494936611665,8052,7096,6922,1
0496,nodule,0.8999091000908999,0.8180315828130739,20.808652046684813,9352,10450,8910,2
0497,nodule,0.9234660215526721,0.8578140960163432,8.442979011644558,4608,4486,4199,2
0498,nodule,0.9376789253468399,0.882669983416252,5.0,2372,2169,2129,1
0499,nodule,0.8967828418230563,0.8128797083839611,20.024984394500787,2854,3114,2676,3
0500,nodule,0.8971028971028971,0.8134057971014492,3.605551275463989,988,1014,898,1
0501,nodule,0.6035381340380239,0.4321909167367536,43.86342439892262,9304,4319,4111,2
0502,nodule,0.8340040241448692,0.7152717860224331,12.041594578792296,832,1156,829,1
0503,nodule,0.3015741507870754,0.1775609756097561,68.03672940405276,920,287,182,9
0504,nodule,0.6846725185685347,0.5205338809034907,68.13170915572766,1766,2677,1521,2
0505,nodule,0.8739316239316239,0.7760910815939279,11.144271909999151,11130,9462,8998,2
0506,nodule,0.9612630489172634,0.9254152823920265,3.605551275463989,5819,5772,5571,1
0507,nodule,0.9271769445305237,0.8642403235124205,59.64686061456193,1594,1633,1496,2
0508,nodule,0.8733838609005796,0.7752275425405619,9.219544457292887,4004,4968,3918,1
0509,nodule,0.8542606848951421,0.7455977757182577,10.0,4112,3422,3218,1
0510,nodule,0.9045226130653267,0.8256880733944955,3.0,939,852,810,1
0511,nodule,0.9419822723609992,0.8903274942878904,2.23606797749979,1299,1183,1169,2
0512,nodule,0.887927927927928,0.7984445884640311,6.4031242374328485,1487,1288,1232,2
0513,nodule,0.0,0.0,70.7219906960091,1278,3,0,1
0514,nodule,0.6407766990291263,0.4714285714285714,59.547032119371295,7909,3833,3762,1
0515,nodule,0.7843533123028391,0.645214864023251,14.872765309952575,4798,3127,3108,2
0516,nodule,0.5163058372156756,0.34798670114517916,37.57658845611187,2662,987,942,2
0517,nodule,0.9013062409288825,0.8203434610303831,6.363839778884804,1879,2255,1863,1
0518,nodule,0.9077223306384165,0.8310362429811128,5.0,3818,3356,3256,1
0519,nodule,0.5545636728001457,0.38366523821527604,53.74011537017761,1556,3933,1522,2
0520,nodule,0.839622641509434,0.7235772357723578,7.035533905932738,472,588,445,1
0521,nodule,0.6719636776390465,0.505982905982906,12.457672841961756,592,1170,592,3
0522,nodule,0.8218417399352151,0.6975648075412412,64.29466125320249,1198,963,888,2
0523,nodule,0.9384560654571327,0.8840482573726541,3.1541637771599587,1372,1439,1319,1
0524,nodule,0.8350076103500761,0.7167494120721192,13.038404810405298,3808,2762,2743,1
0525,nodule,0.4991624790619765,0.3325892857142857,64.89606151103,3462,1314,1192,2
0526,nodule,0.9078029181645169,0.8311713455953533,8.0,5075,4383,4293,1
0527,nodule,0.0,0.0,,291,0,0,0
0528,nodule,0.7085813852185276,0.5486845064088149,55.18825458418692,2536,4351,2440,2
0529,nodule,0.8726207906295754,0.7740259740259741,12.041594578792296,7395,6265,5960,1
0530,nodule,0.909054054054054,0.8332713984887898,14.0,7335,7465,6727,1
0531,nodule,0.9711565128963668,0.9439302722616587,4.242640687119285,10630,11004,10505,2
0532,nodule,0.8428659286592866,0.7284081849588094,14.196076922496344,2843,3661,2741,1
0533,nodule,0.882108860141567,0.7890829694323144,8.024903099319419,2263,1834,1807,1
0534,nodule,0.8647194465795542,0.7616790792146242,6.078624403783308,1131,1471,1125,1
0535,nodule,0.8299473288186606,0.7093247588424437,55.02544703712094,1359,1299,1103,5
0536,nodule,0.9120948951493327,0.8383956386292835,5.0,2518,2203,2153,1
0537,nodule,0.9252692626346313,0.8609312365094048,5.656854249492381,2815,3220,2792,3
0538,nodule,0.6269455252918288,0.45660644704215375,102.3534462270162,1342,2770,1289,8
0539,nodule,0.4594410361281527,0.2982300884955752,16.691212031952027,1130,337,337,1
0540,nodule,0.9276807980049875,0.8651162790697674,6.0,5563,5665,5208,1
0541,nodule,0.8461174242424242,0.7332786212556421,12.93393445941248,2069,2155,1787,2
0542,nodule,0.8550247116968699,0.7467625899280576,38.24944903163131,532,682,519,2
0543,nodule,0.3975390440132513,0.24808033077377437,51.994994114487405,961,1152,420,2
0544,nodule,0.587456271864068,0.41588537059968156,31.03544702370997,3522,4482,2351,1
0545,nodule,0.8371991247264771,0.7199849454271735,10.329081708161754,2277,2293,1913,2
0546,nodule,0.8875230485556238,0.7977900552486188,4.868033988749895,730,897,722,1
0547,nodule,0.9132001310186701,0.8402652200120555,7.615773105863909,3242,2864,2788,1
0548,nodule,0.861561240437608,0.7567919075144509,11.721544644123243,6343,5814,5237,1
0549,nodule,0.7117486338797814,0.5524920466595971,10.0,1054,1874,1042,1
0550,nodule,0.8486562942008486,0.7371007371007371,3.14604989415154,369,338,300,1
0551,nodule,0.8993055555555556,0.8170347003154574,8.0,3446,2890,2849,1
0552,nodule,0.9073869900771775,0.8304742684157417,3.0,952,862,823,1
0553,nodule,0.9334940727345791,0.875282592313489,3.605551275463989,2533,2444,2323,1
0554,nodule,0.9148936170212766,0.8431372549019608,2.0,239,231,215,1
0555,nodule,0.0932297447280799,0.048894062863795114,86.33075521373927,467,434,42,6
0556,nodule,0.8668122270742358,0.7649325626204239,4.0,513,403,397,1
0557,nodule,0.2590492804186655,0.14879759519038077,33.726660629660245,1986,307,297,1
0558,nodule,0.9353137146029983,0.8784876140808344,6.0,7615,6793,6738,1
0559,nodule,0.9244728655375043,0.8595532701269484,7.211102550927978,5824,5748,5349,2
0560,nodule,0.5764204154629248,0.40490916119056825,46.940375338202834,2331,4938,2095,1
0561,nodule,0.8941319550015202,0.8085340371714506,31.06282043436127,9032,7413,7352,1
0562,nodule,0.9538614423622942,0.9117926448636179,4.242640687119285,7204,6884,6719,1
0563,nodule,0.8895612708018155,0.8010899182561307,23.0,3575,4357,3528,3
0564,nodule,0.6581560283687943,0.4904862579281184,24.25070151040077,1212,2313,1160,1
0565,nodule,0.9374478732276897,0.8822605965463108,2.0,628,571,562,1
0566,nodule,0.8567472306143001,0.7493944065183881,12.083045973594572,3469,4475,3403,1
0567,nodule,0.8417184593748582,0.72669591101363,18.86244292123767,9285,12758,9277,2
0568,nodule,0.8860625331213566,0.7954329210275928,4.0,993,894,836,1
0569,nodule,0.952,0.9083969465648855,2.8284271247461903,2397,2353,2261,2
0570,nodule,0.8901217444906765,0.8019994445987225,40.87182431948034,3422,3067,2888,2
0571,nodule,0.929794621314659,0.8688001759595293,7.810249675906654,8898,8095,7900,1
0572,nodule,0.9226361031518625,0.8563829787234043,2.905634918610403,936,809,805,1
0573,nodule,0.9404116394606103,0.8875254527917694,11.180339887498949,18416,16809,16563,1
0574,nodule,0.9422362702489134,0.8907814134170028,8.48528137423857,6333,6322,5962,1
0575,nodule,0.9729229630543391,0.9472736007686764,3.0,8128,8085,7887,1
0576,nodule,0.33712660028449504,0.20273738237810093,15.811388300841896,1169,237,237,1
0577,nodule,0.9364087087734425,0.8804215646534252,5.54817847254922,2385,2254,2172,2
0578,nodule,0.754932502596054,0.6063386155129274,21.0772163427039,939,987,727,3
0579,nodule,0.7619502868068834,0.6154440154440154,52.18137929009747,1652,2532,1594,5
0580,nodule,0.8722157092614302,0.7733887733887734,2.23606797749979,479,374,372,1
0581,nodule,0.6628571428571428,0.49572649572649574,5.0,351,174,174,1
0582,nodule,0.8558579881656805,0.7480347538270583,16.22427011705227,1808,2417,1808,2
0583,nodule,0.4824092316352378,0.31787833827893175,41.23105625617661,982,2571,857,1
0584,nodule,0.8538893344025662,0.7450321858382312,14.449808037196972,3534,2701,2662,1
0585,nodule,0.8531684698608965,0.7439353099730458,4.0,715,579,552,1
0586,nodule,0.0,0.0,,505,0,0,0
0587,nodule,0.9517932896259159,0.9080206033848418,2.23606797749979,1313,1280,1234,1
0588,nodule,0.6825492561318858,0.5180833206165115,30.46391286769567,6551,3397,3395,3
0589,nodule,0.8459016393442623,0.7329545454545454,6.324555320336759,1882,1473,1419,2
0590,nodule,0.9200203769740194,0.8518867924528302,3.0,1035,928,903,1
0591,nodule,0.857261706679344,0.7501820072802912,23.932869795409346,9194,7634,7213,2
0592,nodule,0.8942968604867174,0.8088037634408602,5.385164807134504,2637,2746,2407,1
0593,nodule,0.5845311430527036,0.41295938104448743,98.27877104826796,1703,1219,854,1
0594,nodule,0.11361826387045394,0.06023079088094568,47.16990566028302,3488,279,214,2
0595,nodule,0.8392448512585813,0.7230162641695417,9.219544457292887,1802,1694,1467,1
0596,nodule,0.7122605363984674,0.5531091936923535,24.0,1930,3290,1859,2
0597,nodule,0.9255247122545701,0.8613736609955892,5.0,2917,2991,2734,1
0598,nodule,0.8398268398268398,0.7238805970149254,91.04796083065237,676,710,582,3
0599,nodule,0.651495831289848,0.48312481815536806,45.79301256742124,13703,6687,6642,3
0600,nodule,0.49842696629213484,0.33193654594432803,35.41516630646976,3331,1119,1109,2
0601,nodule,0.8736635391664849,0.7756683456024797,5.0990195135927845,2575,2008,2002,1
0602,nodule,0.7178447276940904,0.5598734749209219,98.35141076771599,1308,2144,1239,2
0603,nodule,0.38896814075130764,0.24144037780401417,55.464853569743454,423,1680,409,2
0604,nodule,0.8779027576197388,0.7823767178658043,15.265973573388976,12328,9720,9678,2
0605,nodule,0.8718201214508452,0.7727669479196974,10.770329614269007,2774,3319,2656,2
0606,nodule,0.6844827586206896,0.5203145478374837,9.828113968309124,513,647,397,2
0607,nodule,0.8194969953260628,0.6941930618401206,9.703650967387269,2599,1894,1841,1
0608,nodule,0.7423862414905052,0.5903133903133904,75.66372975210778,2329,3253,2072,2
0609,nodule,0.7715350167463214,0.6280480333292489,51.881827894325276,16156,10417,10251,1
0610,nodule,0.9246501614639397,0.8598598598598599,4.0,969,889,859,1
0611,nodule,0.9431918377629425,0.8924910607866507,77.72701418523016,3969,3970,3744,4
0612,nodule,0.6361538461538462,0.4664410603496898,67.01081954527459,827,1773,827,2
0613,nodule,0.9112534309240622,0.8369747899159664,5.0,1535,1744,1494,1
