name,dice,iou,hd95,gt_px,pred_px,pred_components
0000,0.8707671043538355,0.7711138310893513,10.0,4083,3152,1
0001,0.8851638974439453,0.7939856768313068,43.63463281730714,55835,46119,1
0002,0.8887740453631926,0.7998139727159983,15.265973573388976,19205,15625,2
0003,0.6148678155127818,0.4439055148663724,53.28917516894071,20454,9315,5
0004,0.7380952380952381,0.5849056603773585,9.992442890089803,1431,837,1
0005,0.7689796881451915,0.6246685621186467,130.35752943200458,27185,23672,4
0006,0.9098762155249379,0.8346540351498517,105.13728989140363,19056,22387,2
0007,0.6541221064031406,0.4860189096761215,185.17194707360113,4945,9829,11
0008,0.9432251416795466,0.8925507020280812,8.246211251235321,10191,9219,1
0009,0.4653075159008765,0.3031926726180689,124.0,103393,31348,3
0010,0.9570668870764001,0.9176685208445481,11.557843974210888,33145,30978,1
0011,0.35295089642257166,0.21429288031301208,105.31713847715032,29017,7294,3
0012,0.616245392311743,0.44534297402720957,67.0,42044,18724,1
0013,0.937980451493965,0.8832045067470196,10.0,13923,14826,1
0014,0.955035953530922,0.9139414478019392,12.0,52895,48764,2
0015,0.593906321055025,0.42238033635187583,203.81231340369564,1414,2984,5
0016,0.6592920353982301,0.49174917491749176,55.94593469062211,1880,3544,3
0017,0.3606884509852831,0.22002434570906879,74.8898798565188,3379,4639,2
0018,0.9592195612125272,0.921634886153351,14.422205101855956,61255,58165,1
0019,0.8006619527606439,0.6675865529352735,70.30905450460425,19928,13307,1
0020,0.796476533160306,0.6617872896585525,45.925467474494454,30306,20553,2
0021,0.9589534108500853,0.921143607639247,18.788294228055936,181934,172054,6
0022,0.5302566268877389,0.36078177768197167,40.14953415699771,13668,5270,2
0023,0.9375990341809401,0.8825284090909091,7.01421356237309,6798,6455,1
0024,0.9232255551227113,0.8573992069694075,26.303573181664913,34149,30026,1
0025,0.923855791357709,0.8584869796616613,15.264337522473747,30599,28066,1
0026,0.9499871761990254,0.9047386419149975,5.004950975679635,9326,10169,1
0027,0.4944193340097777,0.3283911285381693,125.13283943033242,5531,5310,9
0028,0.8823604268547639,0.7894856696704512,31.067536782358662,28151,26856,1
0029,0.8975579224535164,0.8141542678151918,34.46736365294076,51032,41635,5
0030,0.19337748344370861,0.10703812316715543,213.26649864878456,1127,4158,9
0031,0.6486013986013986,0.4799482535575679,7.615773105863909,766,378,3
0032,0.8296920242168991,0.7089518668466037,40.8237589244571,21715,16275,1
0033,0.9056808326105811,0.8276203685357638,8.59940919095637,4246,4978,1
0034,0.8662400740112559,0.7640418876648987,67.66930825505267,6381,6590,3
0035,0.9161126043287594,0.8452101279039416,8.0,3497,3572,1
0036,0.7268781302170284,0.5709415158667716,18.16398667311347,3277,2713,2
0037,0.5368705035971223,0.36693300553165337,152.10539003069607,1212,1012,2
0038,0.4409386293289254,0.28282313809053583,284.5382153539086,147799,99029,5
0039,0.3594806309689881,0.21912611198325485,140.72259552091023,2629,6690,3
0040,0.8137004478354619,0.6859148234109784,37.00202665699652,33927,26363,1
0041,0.907281794332443,0.8302980490548082,21.736818660312746,22993,19318,3
0042,0.8956961094452298,0.8110956749371391,53.345547847332284,86916,70825,6
0043,0.9812447082367631,0.9631799865681665,6.708203932499369,59102,57825,1
0044,0.5421094000174668,0.3718450479233227,72.24956747275377,16767,17584,6
0045,0.9519270154533607,0.9082640517302636,6.399195791578038,13286,13569,1
0046,0.9091367995961636,0.8334104581212401,7.0710678118654755,4286,3638,1
0047,0.3823657791357486,0.2363734484619536,58.70773655901816,16099,4520,4
0048,0.817980113402909,0.6920189098998888,17.035248478397264,7132,5037,2
0049,0.7679066543438078,0.6232536333802157,66.81148976153041,25629,26307,6
0050,0.726803423447901,0.5708493384549722,82.0542861701077,3524,3837,3
0051,0.8499077150239941,0.7389908845808191,20.518284528683193,13089,14001,2
0052,0.8103683834496935,0.6811927088820988,65.50534238286004,47441,32340,15
0053,0.47751405371642724,0.31364102564102564,203.02031913250863,12598,38634,1
0054,0.7289191284988868,0.5734640059826032,99.75068879755352,105923,133939,3
0055,0.6031271062786546,0.4317694967019449,190.04801997096183,92163,42850,7
0056,0.24801332181024852,0.14156119158766062,102.43252233414563,40677,6764,4
0057,0.9190532645802683,0.8502299275860247,23.1901696806812,37828,32181,1
0058,0.8909797300111917,0.8033935484517185,84.26088758142514,399240,320938,1
0059,0.930222479052297,0.8695476029709656,30.0,29036,26340,2
0060,0.90939575337621,0.8338457842901753,17.481413089350728,35864,40479,1
0061,0.6813041756501078,0.51664998331665,234.4184143536822,8142,14585,16
0062,0.8802900329075799,0.7861768304103355,93.02150289046077,249232,198993,2
0063,0.8894935465934768,0.8009800788324278,34.16281309340063,43027,41502,6
0064,0.9109469207579672,0.8364577798099381,51.2103484220718,79789,68819,5
0065,0.9230308400833718,0.8570633908911809,27.001851217221258,39970,40153,1
0066,0.9650629783163265,0.9324847387779468,12.043667148532407,51022,49330,1
0067,0.317651170919259,0.18881409457325687,98.10983115383118,12026,2279,1
0068,0.8633474133244113,0.7595525875232261,63.51416860088767,53160,42484,1
0069,0.9016751735810333,0.820954923254262,102.9037836290178,81145,68929,4
0070,0.8747199051653102,0.7773352689525816,41.593268686170845,77807,60539,2
0071,0.682908614000255,0.5184975175294232,109.42302404294368,71216,38582,3
0072,0.9053801728255677,0.8271183751190099,12.0,12386,10643,4
0073,0.37672259205581077,0.23207530038437094,175.59057084059774,7933,32776,7
0074,0.374291393653832,0.23023276877094467,152.37080594049013,2790,10793,2
0075,0.46794838305208714,0.3054390451832907,229.3359591753287,13374,24908,4
0076,0.7431642518768873,0.5912978310703579,58.008189046638066,29364,42830,2
0077,0.7951807228915663,0.66,115.2213812754777,5611,7918,5
0078,0.9061302681992337,0.8283712784588442,3.605551275463989,1127,961,1
0079,0.78864265153844,0.6510404650948184,29.0,20575,15208,3
0080,0.9158083047212685,0.8446922335868161,14.035668847618199,48709,41288,2
0081,0.0,0.0,,4408,0,0
0082,0.7589760366402225,0.6115724265190458,22.20360331117452,7587,4640,1
0083,0.9285888416055429,0.8666970045347129,31.827660925679098,124591,109224,2
0084,0.953905989554395,0.9118740572351229,10.0,46047,43943,1
0085,0.0,0.0,,4836,0,0
0086,0.932980742056603,0.8743804154527224,15.348491516784662,23268,26270,1
0087,0.4208818635607321,0.26652968758231915,42.83201123595256,18697,5343,7
0088,0.9185708350643955,0.8494045332308875,117.18041632147671,9293,9963,3
0089,0.9617940199335548,0.9264,11.704699910719626,31610,32202,1
0090,0.8275574112734865,0.7058404558404558,9.433981132056603,2444,2346,1
0091,0.7580706418533991,0.6103975535168196,155.4879372912065,1066,1567,3
0092,0.9394521741358547,0.8858178303938149,12.68192049993987,20343,18684,1
0093,0.903442723871762,0.8238901364657109,18.192658064002885,11267,9850,1
0094,0.5725141321471596,0.40106465853025186,40.34841368572083,7677,3114,1
0095,0.47737909516380655,0.3135245901639344,7.280109889280518,488,153,1
0096,0.60592139435563,0.434639332317679,89.44439158788168,60165,26470,17
0097,0.9742593675158875,0.9498106408795087,11.0,26004,27025,1
0098,0.9716249817171274,0.9448158156734462,8.218618225794788,40291,41753,1
0099,0.9555747544561659,0.9149288171013105,15.990569415042103,21351,22633,2
0100,0.9608388131878065,0.9246292349845605,7.615773105863909,22263,21990,1
0101,0.93741533459767,0.8822029576746558,3.0,1843,1848,1
0102,0.7404970760233918,0.587928032501451,32.35971258129804,1723,1013,1
0103,0.9605616940778051,0.9241161198360781,24.020824298928627,146820,155551,1
0104,0.936538726269288,0.8806514627315305,27.459060435491963,127443,112278,1
0105,0.8799438990182328,0.7856248434760832,33.44390034792268,13182,15338,1
0106,0.7058383448910885,0.5454019921736037,55.876647456946,21793,12960,6
0107,0.0,0.0,,566,0,0
0108,0.6745119503740193,0.5088781830695114,28.508648597083763,7238,3724,4
0109,0.640737269603249,0.4713858883015399,72.34105310098788,13819,11789,2
0110,0.8720516269029509,0.7731307989819843,31.707966849795813,48815,39666,1
0111,0.8123030232286681,0.6839312039312039,44.75767297290807,7845,9289,2
0112,0.9435273675065161,0.8930921052631579,6.0,7420,7543,1
0113,0.7984842596191216,0.6645641274462235,67.08946145913208,79757,54039,1
0114,0.959698324083321,0.9225192521560316,15.231546211727817,95297,87946,2
0115,0.7304585853806901,0.5753720020230522,70.87308820089434,34614,24568,4
0116,0.6324835382088934,0.4625052464673786,70.10020979778724,42502,20219,3
0117,0.6144170295113691,0.44343575418994413,12.318368922788846,1432,635,1
0118,0.9059452658068575,0.8280621046578494,5.830951894845301,2996,3362,1
0119,0.9279169978663766,0.865527198938578,13.601470508735444,12691,11212,1
0120,0.9603540663365665,0.9237318545098678,13.152946437965905,30623,28349,1
0121,0.9206739913625277,0.8530082514408923,28.442925306655784,71349,62718,1
0122,0.670420017873101,0.5042344401129184,48.82826774964398,12999,9381,10
0123,0.6849012294515817,0.5207983193277311,37.272509619952174,2956,4283,12
0124,0.8763796909492274,0.7799607072691552,8.06225774829855,1949,1675,2
0125,0.7812562445880237,0.641034049297699,34.99284983931459,36594,23458,1
0126,0.8877082830234243,0.7980894485453756,27.586228448267445,32014,25960,1
0127,0.6794592005109916,0.5145310169696481,63.01409288738067,24601,12973,4
0128,0.9002113172106129,0.818531169940222,44.54386020482954,3874,4644,2
0129,0.9613148479427549,0.9255113024757804,4.0,4583,4361,1
0130,0.7895554312999796,0.652285492220381,67.1863081289633,67096,45575,1
0131,0.9408789806245562,0.8883583305516738,230.25308293015578,162972,170801,5
0132,0.7911445279866333,0.6544574982722875,13.601470508735444,4341,2841,1
0133,0.923881693269558,0.8585317130014982,15.538653216689836,29725,26096,1
0134,0.820742550736442,0.6959825025900771,151.02979304882132,6458,8275,4
0135,0.80521991300145,0.6739482200647249,305.39929139639315,26853,33148,5
0136,0.6967132021545565,0.5345816464237517,298.55573905070105,3253,5844,7
0137,0.9489287332513431,0.90282054440202,5.830951894845301,7923,7526,1
0138,0.7924405119835066,0.6562331047434766,59.044043492112586,25664,32541,3
0139,0.9090532250041452,0.8332700053195532,42.485291572496,11808,12316,5
0140,0.8599719290150161,0.7543427665531083,29.48862641530851,29634,22377,1
0141,0.920191688215411,0.8521805936968746,36.865962002688036,60760,52549,1
0142,0.9599524933736947,0.9229890819964349,18.523947386775024,35317,33726,1
0143,0.4680134357005758,0.305494477958818,338.2528010149084,73301,135099,8
0144,0.8870839542970691,0.7970807481140919,21.344687348264838,20625,19635,1
0145,0.20714859645939712,0.11554141969061732,178.03201652943872,29474,9107,9
0146,0.9585719463573759,0.9204399122959663,8.54400374531753,55731,54629,1
0147,0.7959734480997884,0.6610929359020962,170.9650249992549,7633,6076,4
0148,0.8829725327504838,0.7904662675168127,90.64975605352953,196315,162840,1
0149,0.47757454272112254,0.3136932192231731,43.875362073732155,954,3037,3
0150,0.9108478085816174,0.836290663286861,18.596231305647322,18232,16540,1
0151,0.862440727547241,0.7581501451679801,27.86924956295427,22030,20359,1
0152,0.9462868746620168,0.8980498125222565,17.46424919657298,45094,45517,1
0153,0.8597914847722253,0.7540651322012522,127.38747589771997,66169,50657,1
0154,0.8040214241812275,0.6722707583877836,27.472703572717776,13564,9214,1
0155,0.4046816724465092,0.2536682901820046,217.7865914850591,91421,30843,3
0156,0.8704521034796264,0.7706199145349177,123.69316876852982,55162,65828,4
0157,0.8286335152617749,0.7074075671944432,26.619521445306642,21984,17592,2
0158,0.654997089926754,0.4869856303069889,55.44769605598304,59264,31799,2
0159,0.9200103457194586,0.851869591595619,16.55294535724685,27123,30872,1
0160,0.8267596281540505,0.7046805138943913,32.0,16702,13418,2
0161,0.9247167255111257,0.859974992125383,35.22782990761707,209220,180508,2
0162,0.7376113037062492,0.5842980897023267,177.58955022777815,150701,146122,4
0163,0.472047730438668,0.30894141122234836,152.65239344650337,79051,35090,1
0164,0.0,0.0,98.36942412431412,389,1871,3
0165,0.8684714107110963,0.7675205195273744,88.11266067760266,34588,43798,2
0166,0.9352029933209777,0.8782922824302135,11.0,15193,13404,1
0167,0.7551486988847583,0.6066175921640063,84.85929510448325,66973,40627,1
0168,0.9075247524752476,0.8307050933478339,8.94427190999916,10919,9281,1
0169,0.8218920443859319,0.6976372924648787,58.24645764619588,53244,37145,2
0170,0.9628260639983103,0.9283168720089604,6.0,9342,9596,2
0171,0.7905729766149182,0.6536756342703279,43.16015411493033,43037,28205,1
0172,0.7242500903505602,0.5677053824362607,28.024971663664477,11321,8048,12
0173,0.5067328136073707,0.3393450403417181,41.64851169240786,5681,2785,5
0174,0.8346604215456674,0.7162379421221865,13.0,967,1168,1
0175,0.8555416080236348,0.7475515178373587,29.5296461204668,39886,38981,5
0176,0.7258036184788337,0.5696167631651503,12.727922061357855,3627,2066,1
0177,0.7088188178594411,0.5489692908042076,137.02827904701778,94027,52047,1
0178,0.88748837689844,0.7977340267459139,80.05123355550676,4769,4910,3
0179,0.965797528056062,0.9338572999547189,13.0,61632,57950,1
0180,0.748555320648344,0.598152945151481,85.0,23920,18650,8
0181,0.0,0.0,262.1575750568823,1470,2473,5
0182,0.8341459242152083,0.7154805575935437,26.72480118872015,11411,11971,1
0183,0.5948091603053435,0.42329421990438937,93.07624837587358,3300,3250,6
0184,0.8140468227424749,0.6864072194021432,10.816653826391969,5319,3651,1
0185,0.9774380833394576,0.9558717838148627,5.656854249492381,48656,46593,1
0186,0.26797559034226587,0.15471813725490197,115.20559830433872,639,3130,10
0187,0.750182057773,0.6002330678948975,32.92785169428127,31860,25814,8
0188,0.8380551352062636,0.7212520667708545,28.04192026159046,34758,41237,1
0189,0.8328142065450427,0.7135232550079712,22.009065043632653,14402,10319,3
0190,0.8781831787568879,0.7828222595055689,74.53711610003347,48912,39286,2
0191,0.580579977311401,0.40902619945553087,91.26334467015347,80066,32766,2
0192,0.9360759493670886,0.8798334324806663,4.47213595499958,3186,3134,1
0193,0.6288980700662177,0.45868075621233384,62.20128616033595,11051,6618,7
0194,0.7818332377858462,0.6418113365404727,19.235384061671343,7461,8238,8
0195,0.49779086892488955,0.33137254901960783,173.1250915814812,1237,3516,2
0196,0.8349286617301788,0.7166330801426135,9.463049648703295,5448,5626,2
0197,0.9417693169092946,0.8899470899470899,4.17689640329339,5424,5292,1
0198,0.8921892189218922,0.8053624627606752,4.47213595499958,910,908,1
0199,0.6321341118854775,0.46213164417515834,59.45039816894319,3268,2041,3
0200,0.6087580760947595,0.4375644994840041,8.48528137423857,969,424,1
0201,0.5405268094419259,0.3703574775739724,195.2099988826317,15619,35557,5
0202,0.8587045865526878,0.7523946705077421,45.0,75979,70013,1
0203,0.304773317355702,0.1797832233741753,46.426617366070545,6129,3885,2
0204,0.9212278106508875,0.853959547480288,4.47213595499958,2912,2496,1
0205,0.909612066566483,0.8342095860344035,17.88854381999832,37882,33986,1
0206,0.6940985381700054,0.5315091210613598,10.266067126888293,1206,641,1
0207,0.9238873751135331,0.8585415259959487,6.324555320336759,5903,5107,1
0208,0.8935846297234201,0.8076393854688075,138.95660602347715,175984,157699,1
0209,0.977063202275524,0.955155005127396,10.295630140987,124307,123548,1
0210,0.9377930886703973,0.8828723280443806,21.0,121679,120995,1
0211,0.9510335365167908,0.9066386482545673,12.36931687685298,46233,42685,1
0212,0.9792904157970782,0.9594212016357345,5.0,37493,37255,1
0213,0.9574221764857216,0.9183220234423195,13.0,15225,15871,1
0214,0.9542541521525759,0.9125105819132099,9.486832980505138,26125,25836,1
0215,0.8614191686953385,0.7565726955970858,36.05551275463989,17594,15679,3
0216,0.8111583055906325,0.6823097721127849,110.29954676622864,199534,140195,7
0217,0.0,0.0,,14924,0,0
0218,0.7670349785777766,0.6221060332214476,55.226805085936306,46476,28913,2
0219,0.9682067345340643,0.9383727990285368,3.1622776601683795,6260,6510,1
0220,0.8883959044368601,0.7992017193736567,13.449902428866212,6376,5344,1
0221,0.8353227336332304,0.7172139078828538,67.07066654458342,60806,45675,1
0222,0.8490912881156784,0.7377572863494154,37.62976605077231,29784,22983,3
0223,0.8678831753200392,0.7666021353983339,63.41135544995076,33473,26754,5
0224,0.9335381556951159,0.8753601084561938,12.649110640673518,23249,21017,2
0225,0.7549459766145346,0.606355999365985,78.46718140962831,20218,20320,10
0226,0.9661807293967506,0.934574114519039,3.605551275463989,9998,10375,1
0227,0.9169185546712515,0.8465831989144071,32.01562118716424,75825,68419,1
0228,0.95069334503214,0.9060205046171744,14.7648230602334,54566,50288,1
0229,0.42989992029049684,0.27380415162454874,105.53662775951321,7911,3380,5
0230,0.7156308851224106,0.5571847507331378,43.64104843915836,6814,3806,1
0231,0.0,0.0,,8990,0,0
0232,0.935625,0.8790369935408103,2.8284271247461903,1548,1652,1
0233,0.581278995724552,0.4097204411387535,65.14598989960932,31184,12788,24
0234,0.7816315886563037,0.6415396044241406,185.64751546950473,457971,295540,5
0235,0.9049295774647887,0.8263665594855305,8.546919821403783,2958,2722,2
0236,0.8417241769430931,0.7267044344598554,52.70820092727764,16112,19244,1
0237,0.8070301475304682,0.6764883000688231,26.14858089765625,23043,15932,2
0238,0.9363358486961505,0.8802927573975124,71.02816342831905,427242,410278,2
0239,0.9515054559346721,0.9074968118054291,42.0,349220,320876,6
0240,0.949319103409106,0.9035275186684434,17.46424919657298,78101,73317,1
0241,0.8524921865120229,0.7429075222771497,41.5980757676106,31678,23675,4
0242,0.7040188406898124,0.5432323113898821,83.96546052995706,15538,10788,6
0243,0.8380461067225536,0.7212386924912593,96.8606021562561,16190,14825,12
0244,0.8777170141298615,0.7820817255367567,27.730849247724095,40428,31618,1
0245,0.9502133712660028,0.9051490514905149,7.810249675906654,9074,8501,1
0246,0.8915122977913895,0.8042599805258033,26.431016374831874,41078,33041,1
0247,0.9497237877350594,0.9042609712039104,8.602325267042627,28199,25564,1
0248,0.8161201348452345,0.6893606005695055,220.32767558423905,2677,3849,5
0249,0.0,0.0,,9492,0,0
0250,0.738939816660024,0.5859671302149179,9.523035462634233,1582,927,1
0251,0.5028248587570622,0.33584905660377357,13.91580777647711,719,343,2
0252,0.9512142425028087,0.9069671624572535,11.40175425099138,23275,23009,1
0253,0.960405658365519,0.9238273236996855,8.246211251235321,21187,21016,1
0254,0.9033429765348763,0.8237242430459888,18.633261819550718,33994,28226,1
0255,0.8823779193205945,0.7895136778115501,8.0,3700,3365,2
0256,0.9305403631590462,0.870103303671883,13.634162285580318,8708,9576,1
0257,0.8092850510677809,0.6796631316281971,220.20933119962976,11360,15565,2
0258,0.815018315018315,0.6877897990726429,11.02268050859363,5037,3699,2
0259,0.8799973314208516,0.7857100309745056,37.58922706830935,33561,26396,1
0260,0.8936518073828075,0.8077491456543826,28.93086968966181,42909,35381,2
0261,0.8179175165881222,0.6919293095582839,70.83360733629597,47588,37714,5
0262,0.9445320242361392,0.8948940620889657,26.20302659268824,123667,115480,1
0263,0.0,0.0,122.45406567411187,543,102,1
0264,0.9536125281765334,0.9113378684807256,7.810249675906654,26355,24219,1
0265,0.9224186686994369,0.8560083976085071,68.00913314898013,20943,19724,2
0266,0.5927137090593224,0.42117493282985985,53.10359631109768,6195,13376,1
0267,0.9274129220951874,0.8646504709965295,5.0,3902,3620,4
0268,0.8907991085641516,0.8030998851894374,7.742182876391689,3466,2816,1
0269,0.7230959140846809,0.5662883548268595,85.20903808863,50937,30073,2
0270,0.9106078665077473,0.8358862144420132,10.770329614269007,13710,11460,1
0271,0.9114213324059814,0.8372581234027017,13.144545549207669,10404,9725,1
0272,0.8575311350333433,0.7505947525829255,69.98848021076863,55903,47116,2
0273,0.9492012145896012,0.903313962452747,29.443143166325658,187434,170547,1
0274,0.8752623688155922,0.7781924820047987,28.3142831372632,18593,14757,2
0275,0.950197628458498,0.9051204819277109,4.0,3099,3226,1
0276,0.0,0.0,,406,0,0
0277,0.7744043211220978,0.6318595393801535,28.25239155538655,12848,10109,1
0278,0.8683114562573019,0.7672706956859697,26.77302068929954,41086,31669,1
0279,0.05146481425551193,0.026412052824105647,189.1410326916081,16128,427,4
0280,0.9166904980508437,0.8461944591102343,21.840329667841555,35954,30485,1
0281,0.7682941502033351,0.623764310553667,33.52610922848042,24869,16688,6
0282,0.9358772619984265,0.8794824399260629,10.0,19096,21576,1
0283,0.9180515759312321,0.8485169491525424,5.0,5468,5002,2
0284,0.9346144607254384,0.8772546897546898,5.0990195135927845,10982,9833,2
0285,0.4144640647846137,0.26140313541888344,56.40121637505735,3910,13872,1
0286,0.9656691999155583,0.9336173686761742,9.463049648703295,39115,36677,1
0287,0.9155765573676021,0.844298012541184,16.76305461424021,7971,9382,1
0288,0.9030814957051079,0.8232895079891244,24.75075558525032,53553,44354,2
0289,0.9715894548246736,0.944748631159781,2.0,1968,1939,1
0290,0.9580180267026558,0.9194190026829494,10.295630140987,30864,31377,1
0291,0.731643310764709,0.5768434991310105,76.5068347685949,12083,6970,2
0292,0.9185098224457473,0.8493001984751456,41.85210723104376,155608,132304,5
0293,0.8097647581003107,0.6803400954653938,137.15105306533766,11985,10545,6
0294,0.741686517389233,0.5894290474026957,136.50822815669514,39501,54954,1
0295,0.9450808246822144,0.8958798425457729,171.5959943919041,379230,341775,2
0296,0.9397163120567376,0.8862876254180602,87.76538035943767,7098,6438,3
0297,0.84188851301662,0.7269494538989077,23.769728648009426,7733,5865,1
0298,0.8756549332152609,0.7788133368338146,12.041594578792296,7413,6138,1
0299,0.8548715297376522,0.7465289283584068,112.88486576010249,240696,180958,2
0300,0.9019243002544529,0.8213680536446188,34.00588108135596,68710,57050,2
0301,0.7193338350292837,0.5616872333358882,128.41339493993607,195263,110367,2
0302,0.9592652675412265,0.9217192792969708,13.601470508735444,80313,76261,1
0303,0.8632749316986312,0.7594403922037546,65.39113089708727,36276,37295,1
0304,0.8594019964929376,0.7534661588486783,101.75679828545742,265697,200220,1
0305,0.8736274705530046,0.7756114852889047,187.37711047760604,2450,2559,2
0306,0.9695910877140951,0.9409770006386213,12.0,109341,106451,1
0307,0.9391490140046073,0.8852789189081132,34.92849839314596,199705,177528,2
0308,0.9235222280376203,0.857911098669574,23.80426935080798,65061,61041,1
0309,0.9261531567098089,0.8624629876194829,31.630662629806665,50113,43608,4
0310,0.8758002560819462,0.7790432801822323,8.48528137423857,3507,3522,1
0311,0.793932527693857,0.6582820164909717,17.4928556845359,9568,6320,1
0312,0.30953708867819296,0.18310788518640714,381.5349791418779,16366,15908,2
0313,0.9602794306074808,0.9235937605510163,9.0,27598,29375,1
0314,0.9687738567242101,0.9394388059701493,6.082762530298219,41623,39591,1
0315,0.9475553956672775,0.9003375491368997,12.165525060596439,46564,42387,1
0316,0.9208965169762868,0.8533903665993915,19.697715603592208,33056,28471,1
0317,0.8417755591445211,0.7267810360855236,16.0,11200,9233,1
0318,0.9365893641977926,0.8807410163725282,17.491425360137757,36512,34249,1
0319,0.6928973955424684,0.5301017633807193,89.39236031479287,7989,11708,1
0320,0.8817709206775113,0.7885422915416916,6.0,3322,2641,2
0321,0.9667027168747747,0.935551397126455,15.652475842498529,180900,185256,1
0322,0.8750338520837139,0.777831274038327,157.04721894696658,142439,175119,1
0323,0.8072781859734035,0.676836942596073,105.54619841567009,174693,122414,6
0324,0.8167815113483418,0.6903048922765809,118.96721994484798,148294,112493,5
0325,0.8190570229572945,0.693561872909699,73.79611384025006,1711,2340,2
0326,0.9294018534119629,0.8681145734970097,5.0,2965,2970,1
0327,0.7911617961511048,0.6544811320754716,10.63014581273465,1681,1125,1
0328,0.9319958311620635,0.8726518663088558,60.81118318204309,15162,15542,5
0329,0.9044831053244816,0.8256222334137355,124.505209478752,297253,253749,1
0330,0.9378947769885905,0.8830525984321568,52.0,178456,162401,1
0331,0.9567961480903117,0.917170835152498,11.0,45021,47193,6
0332,0.9768880746069171,0.9548203381869422,6.0,33464,33125,1
0333,0.5582111114600672,0.3871656356190642,84.24752451912171,22940,8901,1
0334,0.9490381647978603,0.9030186758545085,19.07330527989407,24268,24337,1
0335,0.9278111516913368,0.8653430346295089,32.57299494980466,58136,50565,1
0336,0.9731306805163065,0.9476674997024872,10.44030650891055,65394,65536,4
0337,0.0,0.0,94.2605400537416,673,43,5
0338,0.9617934954215346,0.9263990267639902,2.8284271247461903,3280,3054,1
0339,0.9389175672316219,0.8848676957001103,16.492422502470642,35303,33080,1
0340,0.9384824991527944,0.8840951735640571,30.675723300355934,151037,138149,1
0341,0.8250928523295357,0.7022621778797418,28.61292928419106,37486,26325,1
0342,0.9196598133927835,0.8512687251605013,6.708203932499369,6487,5624,1
0343,0.7327233325307007,0.5781873456203687,29.154759474226502,4795,3511,4
0344,0.9179732163834287,0.8483830809762312,27.018512172212592,34193,29652,3
0345,0.8808372093023256,0.7870501205219849,17.46424919657298,22785,20215,1
0346,0.0,0.0,,4963,0,0
0347,0.6721592859594919,0.5062047569803516,16.881527307120106,1918,995,1
0348,0.5630586546617081,0.3918452597166727,302.28356178335184,32478,13503,2
0349,0.9099691456537929,0.8348104478194667,22.360679774997898,50584,43406,1
0350,0.3150782436868553,0.1869987389659521,112.0758668951355,79300,14829,10
0351,0.7306821611832176,0.5756494857618453,45.0243510704899,16566,9938,2
0352,0.22474273266731765,0.1265972751121266,269.2248131209306,1818,11495,3
0353,0.9117647058823529,0.8378378378378378,7.0,4599,3901,3
0354,0.5284658843980878,0.3591258121677496,279.1324485681169,2507,2095,7
0355,0.8992366815456538,0.8169210096938286,17.46424919657298,19918,17943,4
0356,0.9481680414348743,0.9014444120221768,18.0,54752,49508,1
0357,0.14685591943541354,0.07924689773213521,88.13398823857709,10810,1801,14
0358,0.8464291659730314,0.733747023594776,21.99086437441585,10742,13286,2
0359,0.8930866209190401,0.8068261146690139,40.013745705808454,63813,55246,1
0360,0.9200815032827712,0.8519916142557652,25.709920264364882,47392,40948,1
0361,0.8545030331311246,0.7459670848948998,54.0,54664,41771,15
0362,0.7651826563552335,0.6196727477901072,60.43917653758762,24992,18067,9
0363,0.8795977418843758,0.7850731605662316,39.35733730830886,63868,56055,8
0364,0.9482931525532512,0.9016706079792509,19.849433241279208,37771,37016,1
0365,0.5753424657534246,0.40384615384615385,109.10544481994866,3467,2738,5
0366,0.9374567274405724,0.8822762814943528,174.53910376604478,2176,2157,3
0367,0.8512817839408828,0.7410710233719083,47.58932500904515,41627,35102,3
0368,0.8263939615290966,0.704149377593361,19.924858845171276,6854,5467,1
0369,0.01923693491503687,0.009711880867594691,301.4617701390614,3089,30,2
0370,0.9229161878095159,0.8568657121794125,13.416407864998739,25005,22852,1
0371,0.9494580652640121,0.9037793103448276,6.708203932499369,18097,16409,1
0372,0.9291503578065077,0.8676758353332102,17.245268711368027,26320,24266,4
0373,0.8828341855368882,0.790244540342618,12.0,7530,6160,2
0374,0.8085609482523418,0.6786423082794769,46.29524034219124,19651,13336,1
0375,0.8948735993070969,0.8097477345089396,66.70832032063167,162422,133146,1
0376,0.9359089012102785,0.8795383236216943,16.1245154965971,53026,47612,1
0377,0.9241816153560117,0.8590498438654621,18.313850886769345,40360,37629,1
0378,0.7315257841573631,0.5766974015088013,14.270147903784899,837,1044,2
0379,0.8997178763785586,0.8177156177156177,22.012493550049882,33772,28612,1
0380,0.8598207008964955,0.7541100786275912,21.840329667841555,9726,9906,1
0381,0.751926898575488,0.6024702380952381,103.4743922624904,33083,20760,2
0382,0.8301979710430415,0.7096909994106256,25.035956903370003,11276,9030,1
0383,0.9391035240091844,0.8851980803613437,6.708203932499369,10069,9965,1
0384,0.7713201517874975,0.6277633289986996,21.02379604162864,10975,9053,3
0385,0.9122551389778236,0.8386664664364019,125.23121761098204,149295,156797,7
0386,0.9735644732480814,0.9484906239838132,15.0,214645,216782,1
0387,0.8389203308663474,0.7225346831646045,11.507785231896255,5259,3929,1
0388,0.9340146145816164,0.876198330069065,8.06225774829855,9678,8523,1
0389,0.8625627090301003,0.7583386933749885,20.770768227506903,9281,9855,4
0390,0.930972103208607,0.8708585678660492,6.4031242374328485,5490,5013,1
0391,0.8164358858762156,0.6898112879002242,207.2567411460299,36337,41298,3
0392,0.5159267441031854,0.34764237011428023,36.225680945980834,10413,3620,1
0393,0.9373144907633013,0.8820243455060863,10.418605053722022,11809,10764,1
0394,0.7276464542651593,0.5718901453957996,194.1416777700938,1145,801,2
0395,0.4287661895023858,0.272885032537961,192.92485583770693,793,2141,2
0396,0.9743333972760406,0.9499513727837211,5.0,13243,12822,1
0397,0.045108695652173916,0.02307478454267445,60.13318551349163,3597,83,1
0398,0.8770339420392581,0.780997729915287,49.958149710656215,77267,83566,3
0399,0.8992773261065944,0.8169881001231022,5.0,2369,2059,1
0400,0.40717821782178215,0.2556332556332556,267.15238044620287,19499,74229,7
0401,0.7355880092236741,0.5817629179331307,9.858985228759215,1569,1033,1
0402,0.8616753497629221,0.7569680139874524,25.718386908159562,9689,7394,1
0403,0.7878787878787878,0.65,7.810249675906654,2903,2278,2
0404,0.6895591647331787,0.5262039660056658,8.06225774829855,1412,743,1
0405,0.6089842361028802,0.4377982276755283,28.31430452657999,5364,3073,4
0406,0.8626816678956257,0.7585226084410424,44.598206241955516,21393,20648,7
0407,0.9398872886662493,0.8865918487891317,10.770329614269007,9763,9401,2
0408,0.25562445103444675,0.1465420970765365,149.88194605785247,185502,44476,32
0409,0.8378322115051002,0.7209219011225221,16.1245154965971,7938,6473,1
0410,0.25069351690126374,0.1433102314107835,198.71035115026237,2443,17023,1
0411,0.9427888963614016,0.8917697639729754,29.390410479036955,89738,82746,1
0412,0.9177576061670392,0.8480148360448453,164.98484778912274,65253,66285,3
0413,0.9395036887994634,0.88590943587149,7.911052904863406,15707,14113,4
0414,0.7423344286115285,0.5902478731225712,47.941488353501235,35931,24632,6
0415,0.8834128245892952,0.791172282866635,30.4138126514911,54444,43680,1
0416,0.9414041879289108,0.8892952127659575,7.280109889280518,8178,8871,1
0417,0.9307801945838756,0.8705227773269967,16.55294535724685,51632,45190,1
0418,0.9045929018789144,0.8258052220316371,10.5352261608226,9888,9272,1
0419,0.7580013815335022,0.6103077493511309,12.165525060596439,2638,1705,1
0420,0.14145017448623498,0.07610781941083201,56.6210638991826,11835,1060,4
0421,0.7819786238636796,0.6420073072479155,66.94027188471824,31930,20652,3
0422,0.9601997604224664,0.92344637351939,8.963776741499448,30723,28548,1
0423,0.9206870692425811,0.8530307040762308,13.326501101440261,13136,14867,1
0424,0.8092419155327797,0.6796022853750835,38.0,26954,18318,1
0425,0.7586798900808197,0.6111879474265633,502.4060105708718,79790,105437,10
0426,0.9304670912951167,0.8699751861042183,3.040569415042095,1941,1827,1
0427,0.8588108664623161,0.7525578725062024,30.4138126514911,48771,36703,2
0428,0.9034394149041313,0.8238846327174403,13.95345238016968,10797,9439,1
0429,0.9065702230259193,0.8291069459757442,3.0,828,831,1
0430,0.9245584905660378,0.8597013249494723,10.889992295835157,16378,16747,2
0431,0.9193751122284073,0.8507809903622466,10.0,5442,5696,1
0432,0.9660238099462414,0.9342805175194756,8.06225774829855,28283,28080,1
0433,0.7055641100337092,0.5450745884773662,44.0102259523977,15467,8562,4
0434,0.8890076988879384,0.8001924927815207,11.32251307418542,4832,4520,1
0435,0.846474555487431,0.7338152439672584,23.259406699226016,7071,9239,1
0436,0.9227717704267707,0.8566167735804229,7.810249675906654,8303,7326,1
0437,0.9129542436315344,0.8398489560195469,10.014781507049337,7830,8736,1
0438,0.8414067684140677,0.7262313860252004,8.684097602956086,2346,2175,1
0439,0.861405197305101,0.7565511411665258,14.780009913296164,9310,7314,2
0440,0.8859744094488189,0.7952908954366744,19.078729880907098,18928,21712,3
0441,0.6364377752405806,0.4667464114832536,87.09965361475082,2541,3590,2
0442,0.5540073282757909,0.3831328741211321,95.54448620996973,84057,32205,9
0443,0.36067675044914743,0.22001563788469838,417.83124049276836,233105,52436,9
0444,0.9136481736206633,0.841024198086663,5.134807682497063,3361,3182,1
0445,0.9221252973830294,0.855503237198352,5.830951894845301,2938,3367,1
0446,0.19421350182906552,0.10755064456721915,29.966648127543394,2715,292,1
0447,0.9342258440046566,0.8765701802293828,4.242640687119285,1778,1658,1
0448,0.4396032589443854,0.28172531214528945,106.0,82691,24583,14
0449,0.6514205838372017,0.4830420633964083,82.76019504342294,32913,28611,9
0450,0.5780019011100549,0.40647164124991503,125.70856751864085,44003,18066,1
0451,0.8852669954964615,0.7941515967679876,175.53343021621475,7049,6940,2
0452,0.9589443996776793,0.921126978598243,9.848857801796104,51433,47847,2
0453,0.7671794871794871,0.6222961730449251,11.0,1590,1335,1
0454,0.5013477088948787,0.3345323741007194,10.10892146495206,834,279,1
0455,0.7267294458529518,0.5707580713980942,465.24600995841536,17285,26891,3
0456,0.872848948374761,0.7743850720949957,5.0,1045,1047,1
0457,0.9028782921912692,0.8229518072289157,18.27517389702005,15497,14764,1
0458,0.8982322256568779,0.8152645653412827,49.127372523830864,45289,37527,3
0459,0.8733394411360513,0.7751575523480382,139.87477903581976,4255,4477,5
0460,0.05959475566150179,0.030712530712530713,161.6431190208522,729,2627,2
0461,0.7962382445141066,0.6614583333333334,5.0,576,381,1
0462,0.8397427814903543,0.7237557052814606,98.22932352408826,7867,7995,2
0463,0.6543602800763845,0.48628192999053926,12.723363158248485,900,671,1
0464,0.9518396649715825,0.9081050228310502,2.8284271247461903,1711,1632,1
0465,0.9469940728196443,0.8993245416532647,5.830951894845301,6021,5789,1
0466,0.7444057123580344,0.5928712161920114,33.95438087312479,11134,6652,2
0467,0.7578309195015157,0.6100867678958786,17.46424919657298,1229,1740,2
0468,0.5723190805493328,0.4008732432801201,50.21951811795888,7329,2938,3
0469,0.8670236220472441,0.7652618703436006,41.12237465643149,53353,41897,3
0470,0.941144925593243,0.8888326158521145,5.044558781116752,3840,3619,1
0471,0.8756830601092896,0.778857837181045,11.40175425099138,4038,3282,1
0472,0.9474722308730406,0.9001873952066278,7.0710678118654755,9963,9303,1
0473,0.9278763145503061,0.8654564087548495,11.40175425099138,12482,13002,1
0474,0.7569732721578909,0.608975861260839,49.57945713355521,15567,11895,7
0475,0.8990767271569564,0.816657027183343,6.082762530298219,1720,1421,1
0476,0.8027036901717208,0.6704302715898688,76.64275436087925,2603,2871,3
0477,0.6700031279324367,0.5037629350893698,11.180339887498949,2126,1071,1
0478,0.8894662257912139,0.8009357720119098,8.790395920668724,1937,2297,1
0479,0.7754137115839244,0.6332046332046332,25.0,1872,2781,2
0480,0.8492782612589751,0.7380396430053965,45.967379738244816,29084,37907,1
0481,0.9463465243812065,0.898157265438177,10.67220095319495,14095,12893,1
0482,0.9192687539399034,0.8505988489656245,15.0,12741,11054,1
0483,0.4730794484569928,0.30982584390453666,37.38491692460549,13806,4470,5
0484,0.8725490196078431,0.7739130434782608,11.0,3582,3558,1
0485,0.7720093244155901,0.6286768619380477,65.6094427211462,49322,42480,8
0486,0.9276391415060021,0.8650438275122798,25.64075946421135,36678,32047,1
0487,0.9525946381314003,0.9094803910798638,9.0,17434,17330,2
0488,0.9168782426316371,0.8465144720750102,7.9810249675906615,4842,4217,1
0489,0.9111517367458867,0.8368032236400269,2.8284271247461903,1383,1352,2
0490,0.8912071535022354,0.803763440860215,28.284271247461902,19602,15961,1
0491,0.9025609940900137,0.8224247445457056,7.271803134168358,3594,3005,1
0492,0.912525428654461,0.8391234633885623,4.123105625617661,1773,1668,1
0493,0.8948639157155399,0.8097318768619662,7.280109889280518,5035,4077,1
0494,0.887647875223052,0.7979918008436813,19.019623485746646,14932,15330,2
0495,0.9313636472820734,0.8715440429415309,30.886890422961002,109963,98192,1
0496,0.9282299827380162,0.8660719816638791,19.697715603592208,31420,28828,9
0497,0.9038488089727035,0.8245658230098987,37.543883526822604,64950,58179,1
0498,0.9495028575902293,0.9038604859144432,6.0,6540,6233,1
0499,0.7690885360017403,0.6248122293894142,76.53069482340378,9951,8437,4
0500,0.9326012354152368,0.8737139917695473,5.0,3608,3677,1
0501,0.5821070979772184,0.4105437703699468,62.18476783136695,17429,7240,8
0502,0.8195379537953795,0.6942518452247819,24.0644877888257,3119,4456,1
0503,0.0005642942794667419,0.00028222676920905946,253.45924310397146,10918,3259,6
0504,0.5690383236395506,0.39766146993318485,136.61991070118586,5606,6945,4
0505,0.8735221612919455,0.7754454914921174,26.271601707024573,43134,36374,2
0506,0.9580134915096534,0.9194106485098783,7.810249675906654,26252,25336,1
0507,0.9182692307692307,0.8488888888888889,117.12337383258512,5048,5352,2
0508,0.9301108486280211,0.8693525375365174,10.0,12981,14534,1
0509,0.7877656985234464,0.6498460714763753,29.068883707497267,13228,11424,4
0510,0.8678260869565217,0.7665130568356375,6.37169667059441,2598,2002,1
0511,0.9342952847204329,0.8766924564796905,5.0,4134,3628,1
0512,0.5602777777777778,0.38915685896199115,31.0039365646066,5160,2040,1
0513,0.0,0.0,60.6102290147833,3283,1026,4
0514,0.6967981319770975,0.5346816552942909,81.00092589064718,20168,11095,1
0515,0.8175182481751825,0.691358024691358,15.952295538931716,12231,8456,1
0516,0.3731287425149701,0.22935357717966415,27.307497589994103,4347,997,3
0517,0.9187666301455627,0.8497394325419804,8.39947994621183,3070,3319,2
0518,0.890254393511122,0.8022148394241417,15.264337522473747,8779,7495,1
0519,0.7320886599834452,0.5773973596402147,70.01748330441951,4449,6424,4
0520,0.8724474696655815,0.773753280839895,7.615773105863909,1543,1836,1
0521,0.5677755710029792,0.3964291905009534,154.3953702740147,2346,5710,7
0522,0.6608438193930422,0.49347778023435773,136.341455583679,3155,3600,3
0523,0.9188902632974024,0.8499509643674403,9.37991757122023,5595,5723,1
0524,0.591654352262332,0.42010592585190365,44.25322617239695,7619,6592,1
0525,0.6139599170697996,0.44295971280414836,62.25024949383148,9030,5440,3
0526,0.875317867063104,0.7782802281897871,22.01930821371345,14254,11307,1
0527,0.0,0.0,,877,0,0
0528,0.656329939963456,0.4884606418525138,106.15859628340496,7038,12117,7
0529,0.837140971512779,0.7198989310009718,79.55501241279521,117536,103686,2
0530,0.9648494950485341,0.9320861946483543,7.0,20307,20489,1
0531,0.9697560319913973,0.9412877552351752,7.0,29447,30069,1
0532,0.8729518923729257,0.7745471435206688,17.0,9147,9956,1
0533,0.8721676591137576,0.7733132199670872,13.92838827718412,7109,5822,1
0534,0.9474077090119435,0.9000709174134485,7.397592015084674,15365,14107,1
0535,0.8660112669833204,0.7636859536333528,10.816653826391969,4921,4132,1
0536,0.8833981121599112,0.791148682247638,13.0,9057,8953,1
0537,0.7386354895777247,0.5855844868589548,130.21875108930428,10466,15536,1
0538,0.5681451111939372,0.3967895878524946,227.22938976083094,4734,11364,6
0539,0.5856882959369315,0.4141154274933539,34.05436572900651,11661,4829,1
0540,0.8767266775777414,0.7805105490150367,45.798471264908194,73104,64371,1
0541,0.6768080667593881,0.511496518197346,41.62871596801591,6271,5233,8
0542,0.8396776882467352,0.7236590038314177,8.237013576088481,1881,1718,1
0543,0.33343248066627007,0.20007139032661075,100.91372453563314,1791,4933,2
0544,0.562060065696856,0.3908786815697153,94.02435382146213,9690,7358,4
0545,0.7311462292458492,0.5762257606810658,23.967910297599285,5111,4887,3
0546,0.9398644216050732,0.8865511551155115,7.0,6573,7146,1
0547,0.8836718278705007,0.7915878591371701,27.867538996646577,44305,35263,1
0548,0.8899671587916802,0.8017484940561863,14.7648230602334,17929,15870,1
0549,0.7240133407448582,0.5674145066434328,18.487684811531516,2849,4347,2
0550,0.7576054955839058,0.6097946287519748,7.280109889280518,1186,852,1
0551,0.9008956669087388,0.8196634657739407,11.092603621796355,11032,9623,1
0552,0.8209348255431205,0.6962590731434952,8.94427190999916,3582,2494,1
0553,0.9200257566001288,0.8518960171714762,8.270118263535652,7855,7675,1
0554,0.8119451170298628,0.6834239130434783,5.41233375137029,723,516,1
0555,0.0,0.0,370.48070123640787,7038,3422,6
0556,0.8845444485429731,0.792989417989418,4.47213595499958,1466,1245,1
0557,0.0,0.0,150.2935456557531,5655,1394,1
0558,0.9104193138500636,0.8355685131195335,16.0,21990,18934,1
0559,0.8057313517741591,0.6746650788925276,34.9857113690718,15677,12449,1
0560,0.6257974360532231,0.4553895127774339,66.65580050411121,6239,10220,1
0561,0.9150870050747071,0.8434657980456026,39.816453434830606,152347,130625,3
0562,0.9306623698994034,0.8703166742685867,182.77250415402062,119285,110345,2
0563,0.9488979431544843,0.902764804782365,8.94427190999916,9996,10375,1
0564,0.77041235775172,0.6265615652602315,136.325871562453,19865,26357,2
0565,0.9242081447963801,0.8590956887486856,4.0,1817,1719,1
0566,0.860013967564212,0.754407460349874,16.138456012759985,11594,14180,4
0567,0.8834622891887717,0.7912516349733374,16.97056274847714,31555,39658,1
0568,0.874257771568285,0.7766056469128142,8.0,3177,2549,1
0569,0.9205273533760473,0.8527565346421642,10.148529270389176,8283,7949,1
0570,0.831610789009327,0.7117583603020496,69.52335048785412,7558,8310,5
0571,0.9116252231458608,0.837602306239438,22.01248297372847,27865,27592,4
0572,0.8954535931280118,0.8106980273141123,6.0,2564,2209,1
0573,0.9243837606696494,0.8593992233188537,23.329154651798135,65138,56000,1
0574,0.9466806399178715,0.8987593656723994,304.7950130825634,92845,94179,7
0575,0.9489621533900572,0.9028810489088243,23.75393128157192,111185,109416,1
0576,0.6694689645509317,0.5031592249368155,19.70025233556459,4042,3095,2
0577,0.8944038224860639,0.8089787579559443,231.25094594401122,33188,35877,3
0578,0.6389179573043114,0.4694191365855534,66.02575192606876,12661,25563,1
0579,0.8915755428923456,0.8043629289981937,98.72988556650887,6615,6371,2
0580,0.8175538399024787,0.6914089347079038,6.324555320336759,1455,1006,1
0581,0.5687134502923976,0.39734422880490294,8.06225774829855,979,389,1
0582,0.6943925006678485,0.531853946169156,304.9714694683874,28593,53761,6
0583,0.5427046647797248,0.3724054086110782,214.26022436018056,13838,32445,4
0584,0.8768662883587681,0.7807318748160502,20.945045378534484,10053,8098,1
0585,0.8703345313795964,0.7704356338717572,7.0710678118654755,2035,1582,1
0586,0.0,0.0,,1677,0,0
0587,0.9350502654467412,0.878022910479423,5.0,4160,4693,1
0588,0.7083174427070693,0.5483680480996349,47.29693436154187,18628,10215,3
0589,0.833019164310399,0.7138242024498587,13.416407864998739,7288,5444,2
0590,0.8905754105146957,0.8027363184079602,6.0,3974,3273,1
0591,0.8632104658357642,0.7593406166167723,24.024913792078348,25606,19646,1
0592,0.8760571379186883,0.7794498879564129,29.068883707497267,41412,39585,1
0593,0.5365942405655474,0.36667495471175365,367.1009252812848,27941,10535,1
0594,0.0,0.0,,9956,0,0
0595,0.5259694477085781,0.35682397959183676,26.1725046566048,6272,2238,1
0596,0.8713762079306898,0.7720696781812814,10.5352261608226,6774,5230,1
0597,0.9273959341723137,0.8646209386281588,10.770329614269007,10077,10583,1
0598,0.7931633835457705,0.657225156024964,80.28966584646413,1861,1591,2
0599,0.7057330767441369,0.5452762981601909,63.04600579293801,30245,17042,4
0600,0.1365395596726096,0.07327204630575417,349.4449878044943,11453,4308,5
0601,0.8792569659442725,0.7845303867403315,11.346400660118272,8680,6824,1
0602,0.7305556851584006,0.5754925022052337,397.9226782323732,17354,25512,4
0603,0.7612775765558116,0.6145667198298778,77.15049873731435,1218,1819,3
0604,0.7726921835305346,0.6295830378994076,57.47067243858191,43721,27526,2
0605,0.8932104247695465,0.8070282235749862,17.01910113785216,15231,17422,1
0606,0.5736738703339882,0.4022038567493113,18.40192988199492,1258,1796,2
0607,0.45676227306907297,0.2959766114436865,30.17552228436079,7112,2197,3
0608,0.637953795379538,0.46837896777320087,145.52440142203608,6484,11696,3
0609,0.8198064979509062,0.694637359490227,63.490064268583005,55043,39633,2
0610,0.9081174438687392,0.8316988294843404,7.035533905932738,3060,2730,1
0611,0.9320415224913495,0.8727319854847071,16.1245154965971,15339,13561,3
0612,0.4383555372430527,0.2807012400691859,256.43127544572167,9575,34111,3
0613,0.9236435501257636,0.8581205141044901,8.246211251235321,5210,5922,1
